1 2 3 4 5 6 7 10 11 12 13 14 15 16 19 20 21 22 23 24 28 29 30 31 32 33 37 38 39 40 41 46 47 48 49 55 56 74 76 78 80 82 84 86 104 106 108 110 112 114 116 134 136 138 140 142 144 146 164 166 168 170 172 174 194 196 198 200 202 224 226 228 230 
2 1 3 4 5 6 7 8 10 11 12 13 14 15 16 17 19 20 21 22 23 24 25 28 29 30 31 32 33 34 37 38 39 40 41 42 46 47 48 49 50 55 56 57 74 76 78 80 82 84 86 104 106 108 110 112 114 134 136 138 140 142 144 164 166 168 170 172 174 194 196 198 200 202 224 226 228 
3 1 2 4 5 6 7 8 9 10 11 12 13 14 15 16 17 18 19 20 21 22 23 24 25 26 28 29 30 31 32 33 34 35 37 38 39 40 41 42 43 46 47 48 49 50 51 56 57 58 74 76 78 80 82 84 104 106 108 110 112 114 134 136 138 140 142 164 166 168 170 172 194 196 198 
4 1 2 3 5 6 7 8 9 10 11 12 13 14 15 16 17 18 19 20 21 22 23 24 25 26 27 28 29 30 31 32 33 34 35 36 37 38 39 40 41 42 43 44 46 47 48 49 50 51 52 57 58 59 74 76 78 80 82 104 106 108 110 134 136 138 140 164 166 168 
5 1 2 3 4 6 7 8 9 10 11 12 13 14 15 16 17 18 19 20 21 22 23 24 25 26 27 28 29 30 31 32 33 34 35 36 37 38 39 40 41 42 43 44 45 47 48 49 50 51 52 53 58 59 60 
6 1 2 3 4 5 7 8 9 10 11 12 13 14 15 16 17 18 19 20 21 22 23 24 25 26 27 28 29 30 31 32 33 34 35 36 38 39 40 41 42 43 44 45 48 49 50 51 52 53 54 59 60 61 73 75 77 79 81 103 105 107 109 133 135 137 139 163 165 167 
7 1 2 3 4 5 6 8 9 10 11 12 13 14 15 16 17 18 20 21 22 23 24 25 26 27 29 30 31 32 33 34 35 36 39 40 41 42 43 44 45 49 50 51 52 53 54 60 61 62 73 75 77 79 81 83 103 105 107 109 111 113 133 135 137 139 141 163 165 167 169 171 193 195 197 
8 2 3 4 5 6 7 9 11 12 13 14 15 16 17 18 21 22 23 24 25 26 27 30 31 32 33 34 35 36 40 41 42 43 44 45 50 51 52 53 54 61 62 63 73 75 77 79 81 83 85 103 105 107 109 111 113 133 135 137 139 141 143 163 165 167 169 171 173 193 195 197 199 201 223 225 227 
9 3 4 5 6 7 8 12 13 14 15 16 17 18 22 23 24 25 26 27 31 32 33 34 35 36 41 42 43 44 45 51 52 53 54 62 63 73 75 77 79 81 83 85 103 105 107 109 111 113 115 133 135 137 139 141 143 145 163 165 167 169 171 173 193 195 197 199 201 223 225 227 229 
10 1 2 3 4 5 6 7 11 12 13 14 15 16 19 20 21 22 23 24 25 28 29 30 31 32 33 37 38 39 40 41 42 46 47 48 49 50 55 56 57 58 64 65 74 76 78 80 82 84 86 104 106 108 110 112 114 116 134 136 138 140 142 144 146 164 166 168 170 172 174 176 194 196 198 200 202 204 224 226 228 230 232 254 256 258 260 
11 1 2 3 4 5 6 7 8 10 12 13 14 15 16 17 19 20 21 22 23 24 25 26 28 29 30 31 32 33 34 37 38 39 40 41 42 43 46 47 48 49 50 51 55 56 57 58 59 64 65 66 74 76 78 80 82 84 104 106 108 110 112 114 116 134 136 138 140 142 144 164 166 168 170 172 174 194 196 198 200 202 204 224 226 228 230 232 254 256 258 
12 1 2 3 4 5 6 7 8 9 10 11 13 14 15 16 17 18 19 20 21 22 23 24 25 26 27 28 29 30 31 32 33 34 35 37 38 39 40 41 42 43 44 46 47 48 49 50 51 52 55 56 57 58 59 60 65 66 67 74 76 78 80 82 84 104 106 108 110 112 114 134 136 138 140 142 144 164 166 168 170 172 194 196 198 200 202 224 226 228 
13 1 2 3 4 5 6 7 8 9 10 11 12 14 15 16 17 18 19 20 21 22 23 24 25 26 27 28 29 30 31 32 33 34 35 36 37 38 39 40 41 42 43 44 45 46 47 48 49 50 51 52 53 55 56 57 58 59 60 61 66 67 68 74 76 78 80 104 106 108 110 112 134 136 138 140 164 166 168 170 194 196 198 
14 1 2 3 4 5 6 7 8 9 10 11 12 13 15 16 17 18 19 20 21 22 23 24 25 26 27 28 29 30 31 32 33 34 35 36 37 38 39 40 41 42 43 44 45 46 47 48 49 50 51 52 53 54 56 57 58 59 60 61 62 67 68 69 
15 1 2 3 4 5 6 7 8 9 10 11 12 13 14 16 17 18 19 20 21 22 23 24 25 26 27 28 29 30 31 32 33 34 35 36 37 38 39 40 41 42 43 44 45 47 48 49 50 51 52 53 54 57 58 59 60 61 62 63 68 69 70 73 75 77 79 103 105 107 109 111 133 135 137 139 163 165 167 169 193 195 197 
16 1 2 3 4 5 6 7 8 9 10 11 12 13 14 15 17 18 19 20 21 22 23 24 25 26 27 29 30 31 32 33 34 35 36 38 39 40 41 42 43 44 45 48 49 50 51 52 53 54 58 59 60 61 62 63 69 70 71 73 75 77 79 81 83 103 105 107 109 111 113 133 135 137 139 141 143 163 165 167 169 171 193 195 197 199 201 223 225 227 
17 2 3 4 5 6 7 8 9 11 12 13 14 15 16 18 20 21 22 23 24 25 26 27 30 31 32 33 34 35 36 39 40 41 42 43 44 45 49 50 51 52 53 54 59 60 61 62 63 70 71 72 73 75 77 79 81 83 103 105 107 109 111 113 115 133 135 137 139 141 143 163 165 167 169 171 173 193 195 197 199 201 203 223 225 227 229 231 253 255 257 
18 3 4 5 6 7 8 9 12 13 14 15 16 17 21 22 23 24 25 26 27 31 32 33 34 35 36 40 41 42 43 44 45 50 51 52 53 54 60 61 62 63 71 72 73 75 77 79 81 83 85 103 105 107 109 111 113 115 133 135 137 139 141 143 145 163 165 167 169 171 173 175 193 195 197 199 201 203 223 225 227 229 231 253 255 257 259 
19 1 2 3 4 5 6 10 11 12 13 14 15 16 20 21 22 23 24 25 28 29 30 31 32 33 34 37 38 39 40 41 42 46 47 48 49 50 51 55 56 57 58 59 64 65 66 67 74 76 78 80 82 84 86 104 106 108 110 112 114 116 134 136 138 140 142 144 146 164 166 168 170 172 174 176 194 196 198 200 202 204 206 224 226 228 230 232 234 254 256 258 260 262 284 286 288 290 316 
20 1 2 3 4 5 6 7 10 11 12 13 14 15 16 17 19 21 22 23 24 25 26 28 29 30 31 32 33 34 35 37 38 39 40 41 42 43 46 47 48 49 50 51 52 55 56 57 58 59 60 64 65 66 67 68 74 76 78 80 82 84 104 106 108 110 112 114 134 136 138 140 142 144 146 164 166 168 170 172 174 194 196 198 200 202 204 224 226 228 230 232 234 254 256 258 260 262 284 286 288 314 316 
21 1 2 3 4 5 6 7 8 10 11 12 13 14 15 16 17 18 19 20 22 23 24 25 26 27 28 29 30 31 32 33 34 35 36 37 38 39 40 41 42 43 44 46 47 48 49 50 51 52 53 55 56 57 58 59 60 61 64 65 66 67 68 69 74 76 78 80 82 104 106 108 110 112 114 134 136 138 140 142 144 164 166 168 170 172 174 194 196 198 200 202 224 226 228 230 232 254 256 258 314 
22 1 2 3 4 5 6 7 8 9 10 11 12 13 14 15 16 17 18 19 20 21 23 24 25 26 27 28 29 30 31 32 33 34 35 36 37 38 39 40 41 42 43 44 45 46 47 48 49 50 51 52 53 54 55 56 57 58 59 60 61 62 64 65 66 67 68 69 70 74 76 78 80 104 106 108 110 134 136 138 140 142 164 166 168 170 194 196 198 200 224 226 228 314 
23 1 2 3 4 5 6 7 8 9 10 11 12 13 14 15 16 17 18 19 20 21 22 24 25 26 27 28 29 30 31 32 33 34 35 36 37 38 39 40 41 42 43 44 45 46 47 48 49 50 51 52 53 54 55 56 57 58 59 60 61 62 63 65 66 67 68 69 70 71 
24 1 2 3 4 5 6 7 8 9 10 11 12 13 14 15 16 17 18 19 20 21 22 23 25 26 27 28 29 30 31 32 33 34 35 36 37 38 39 40 41 42 43 44 45 46 47 48 49 50 51 52 53 54 56 57 58 59 60 61 62 63 66 67 68 69 70 71 72 73 75 77 79 103 105 107 109 133 135 137 139 141 163 165 167 169 193 195 197 199 223 225 227 313 
25 2 3 4 5 6 7 8 9 10 11 12 13 14 15 16 17 18 19 20 21 22 23 24 26 27 28 29 30 31 32 33 34 35 36 38 39 40 41 42 43 44 45 47 48 49 50 51 52 53 54 57 58 59 60 61 62 63 67 68 69 70 71 72 73 75 77 79 81 103 105 107 109 111 113 133 135 137 139 141 143 163 165 167 169 171 173 193 195 197 199 201 223 225 227 229 231 253 255 257 313 
26 3 4 5 6 7 8 9 11 12 13 14 15 16 17 18 20 21 22 23 24 25 27 29 30 31 32 33 34 35 36 39 40 41 42 43 44 45 48 49 50 51 52 53 54 58 59 60 61 62 63 68 69 70 71 72 73 75 77 79 81 83 103 105 107 109 111 113 133 135 137 139 141 143 145 163 165 167 169 171 173 193 195 197 199 201 203 223 225 227 229 231 233 253 255 257 259 261 283 285 287 313 315 
27 4 5 6 7 8 9 12 13 14 15 16 17 18 21 22 23 24 25 26 30 31 32 33 34 35 36 40 41 42 43 44 45 49 50 51 52 53 54 59 60 61 62 63 69 70 71 72 73 75 77 79 81 83 85 103 105 107 109 111 113 115 133 135 137 139 141 143 145 163 165 167 169 171 173 175 193 195 197 199 201 203 205 223 225 227 229 231 233 253 255 257 259 261 283 285 287 289 315 
28 1 2 3 4 5 6 10 11 12 13 14 15 19 20 21 22 23 24 25 29 30 31 32 33 34 37 38 39 40 41 42 43 46 47 48 49 50 51 55 56 57 58 59 60 64 65 66 67 68 74 76 78 80 82 84 104 106 108 110 112 114 116 134 136 138 140 142 144 146 164 166 168 170 172 174 176 194 196 198 200 202 204 206 224 226 228 230 232 234 236 254 256 258 260 262 264 284 286 288 290 292 314 316 318 320 342 
29 1 2 3 4 5 6 7 10 11 12 13 14 15 16 19 20 21 22 23 24 25 26 28 30 31 32 33 34 35 37 38 39 40 41 42 43 44 46 47 48 49 50 51 52 55 56 57 58 59 60 61 64 65 66 67 68 69 74 76 78 80 82 84 104 106 108 110 112 114 134 136 138 140 142 144 164 166 168 170 172 174 176 194 196 198 200 202 204 224 226 228 230 232 234 254 256 258 260 262 264 284 286 288 290 292 314 316 318 340 342 
30 1 2 3 4 5 6 7 8 10 11 12 13 14 15 16 17 19 20 21 22 23 24 25 26 27 28 29 31 32 33 34 35 36 37 38 39 40 41 42 43 44 45 46 47 48 49 50 51 52 53 55 56 57 58 59 60 61 62 64 65 66 67 68 69 70 74 76 78 80 82 104 106 108 110 112 134 136 138 140 142 144 164 166 168 170 172 174 194 196 198 200 202 204 224 226 228 230 232 254 256 258 260 262 284 286 288 314 316 318 340 
31 1 2 3 4 5 6 7 8 9 10 11 12 13 14 15 16 17 18 19 20 21 22 23 24 25 26 27 28 29 30 32 33 34 35 36 37 38 39 40 41 42 43 44 45 46 47 48 49 50 51 52 53 54 55 56 57 58 59 60 61 62 63 64 65 66 67 68 69 70 71 74 76 78 104 106 108 110 134 136 138 140 164 166 168 170 172 194 196 198 200 224 226 228 230 254 256 258 313 314 316 340 
32 1 2 3 4 5 6 7 8 9 10 11 12 13 14 15 16 17 18 19 20 21 22 23 24 25 26 27 28 29 30 31 33 34 35 36 37 38 39 40 41 42 43 44 45 46 47 48 49 50 51 52 53 54 55 56 57 58 59 60 61 62 63 64 65 66 67 68 69 70 71 72 313 314 
33 1 2 3 4 5 6 7 8 9 10 11 12 13 14 15 16 17 18 19 20 21 22 23 24 25 26 27 28 29 30 31 32 34 35 36 37 38 39 40 41 42 43 44 45 46 47 48 49 50 51 52 53 54 55 56 57 58 59 60 61 62 63 65 66 67 68 69 70 71 72 73 75 77 103 105 107 109 133 135 137 139 163 165 167 169 171 193 195 197 199 223 225 227 229 253 255 257 313 314 315 339 
34 2 3 4 5 6 7 8 9 11 12 13 14 15 16 17 18 19 20 21 22 23 24 25 26 27 28 29 30 31 32 33 35 36 37 38 39 40 41 42 43 44 45 47 48 49 50 51 52 53 54 56 57 58 59 60 61 62 63 66 67 68 69 70 71 72 73 75 77 79 81 103 105 107 109 111 133 135 137 139 141 143 163 165 167 169 171 173 193 195 197 199 201 203 223 225 227 229 231 253 255 257 259 261 283 285 287 313 315 317 339 
35 3 4 5 6 7 8 9 12 13 14 15 16 17 18 20 21 22 23 24 25 26 27 29 30 31 32 33 34 36 38 39 40 41 42 43 44 45 48 49 50 51 52 53 54 57 58 59 60 61 62 63 67 68 69 70 71 72 73 75 77 79 81 83 103 105 107 109 111 113 133 135 137 139 141 143 163 165 167 169 171 173 175 193 195 197 199 201 203 223 225 227 229 231 233 253 255 257 259 261 263 283 285 287 289 291 313 315 317 339 341 
36 4 5 6 7 8 9 13 14 15 16 17 18 21 22 23 24 25 26 27 30 31 32 33 34 35 39 40 41 42 43 44 45 49 50 51 52 53 54 58 59 60 61 62 63 68 69 70 71 72 73 75 77 79 81 83 103 105 107 109 111 113 115 133 135 137 139 141 143 145 163 165 167 169 171 173 175 193 195 197 199 201 203 205 223 225 227 229 231 233 235 253 255 257 259 261 263 283 285 287 289 291 313 315 317 319 341 
37 1 2 3 4 5 10 11 12 13 14 15 19 20 21 22 23 24 28 29 30 31 32 33 34 38 39 40 41 42 43 46 47 48 49 50 51 52 55 56 57 58 59 60 64 65 66 67 68 69 74 76 78 80 82 104 106 108 110 112 114 134 136 138 140 142 144 146 164 166 168 170 172 174 176 194 196 198 200 202 204 206 224 226 228 230 232 234 236 254 256 258 260 262 264 266 284 286 288 290 292 294 314 316 318 320 322 340 342 344 346 366 368 
38 1 2 3 4 5 6 10 11 12 13 14 15 16 19 20 21 22 23 24 25 28 29 30 31 32 33 34 35 37 39 40 41 42 43 44 46 47 48 49 50 51 52 53 55 56 57 58 59 60 61 64 65 66 67 68 69 70 74 76 78 80 82 104 106 108 110 112 114 134 136 138 140 142 144 164 166 168 170 172 174 194 196 198 200 202 204 206 224 226 228 230 232 234 254 256 258 260 262 264 284 286 288 290 292 294 313 314 316 318 320 340 342 344 366 
39 1 2 3 4 5 6 7 10 11 12 13 14 15 16 17 19 20 21 22 23 24 25 26 28 29 30 31 32 33 34 35 36 37 38 40 41 42 43 44 45 46 47 48 49 50 51 52 53 54 55 56 57 58 59 60 61 62 64 65 66 67 68 69 70 71 74 76 78 104 106 108 110 112 134 136 138 140 142 164 166 168 170 172 174 194 196 198 200 202 204 224 226 228 230 232 234 254 256 258 260 262 284 286 288 290 292 313 314 316 318 320 340 342 344 366 
40 1 2 3 4 5 6 7 8 10 11 12 13 14 15 16 17 18 19 20 21 22 23 24 25 26 27 28 29 30 31 32 33 34 35 36 37 38 39 41 42 43 44 45 46 47 48 49 50 51 52 53 54 55 56 57 58 59 60 61 62 63 64 65 66 67 68 69 70 71 72 104 106 108 134 136 138 140 164 166 168 170 194 196 198 200 202 224 226 228 230 254 256 258 260 284 286 288 313 314 316 318 339 340 342 
41 1 2 3 4 5 6 7 8 9 10 11 12 13 14 15 16 17 18 19 20 21 22 23 24 25 26 27 28 29 30 31 32 33 34 35 36 37 38 39 40 42 43 44 45 46 47 48 49 50 51 52 53 54 55 56 57 58 59 60 61 62 63 64 65 66 67 68 69 70 71 72 313 314 315 316 339 340 
42 2 3 4 5 6 7 8 9 10 11 12 13 14 15 16 17 18 19 20 21 22 23 24 25 26 27 28 29 30 31 32 33 34 35 36 37 38 39 40 41 43 44 45 46 47 48 49 50 51 52 53 54 55 56 57 58 59 60 61 62 63 64 65 66 67 68 69 70 71 72 103 105 107 133 135 137 139 163 165 167 169 193 195 197 199 201 223 225 227 229 253 255 257 259 283 285 287 313 314 315 317 339 340 341 
43 3 4 5 6 7 8 9 11 12 13 14 15 16 17 18 20 21 22 23 24 25 26 27 28 29 30 31 32 33 34 35 36 37 38 39 40 41 42 44 45 46 47 48 49 50 51 52 53 54 56 57 58 59 60 61 62 63 65 66 67 68 69 70 71 72 73 75 77 103 105 107 109 111 133 135 137 139 141 163 165 167 169 171 173 193 195 197 199 201 203 223 225 227 229 231 233 253 255 257 259 261 283 285 287 289 291 313 314 315 317 319 339 341 343 365 
44 4 5 6 7 8 9 12 13 14 15 16 17 18 21 22 23 24 25 26 27 29 30 31 32 33 34 35 36 38 39 40 41 42 43 45 47 48 49 50 51 52 53 54 57 58 59 60 61 62 63 66 67 68 69 70 71 72 73 75 77 79 81 103 105 107 109 111 113 133 135 137 139 141 143 163 165 167 169 171 173 193 195 197 199 201 203 205 223 225 227 229 231 233 253 255 257 259 261 263 283 285 287 289 291 293 313 314 315 317 319 339 341 343 365 
45 5 6 7 8 9 13 14 15 16 17 18 22 23 24 25 26 27 30 31 32 33 34 35 36 39 40 41 42 43 44 48 49 50 51 52 53 54 58 59 60 61 62 63 67 68 69 70 71 72 73 75 77 79 81 103 105 107 109 111 113 133 135 137 139 141 143 145 163 165 167 169 171 173 175 193 195 197 199 201 203 205 223 225 227 229 231 233 235 253 255 257 259 261 263 265 283 285 287 289 291 293 313 315 317 319 321 339 341 343 345 365 367 
46 1 2 3 4 10 11 12 13 14 19 20 21 22 23 24 28 29 30 31 32 33 37 38 39 40 41 42 43 47 48 49 50 51 52 55 56 57 58 59 60 61 64 65 66 67 68 69 74 76 78 80 104 106 108 110 112 134 136 138 140 142 144 164 166 168 170 172 174 176 194 196 198 200 202 204 206 224 226 228 230 232 234 236 254 256 258 260 262 264 266 284 286 288 290 292 294 296 314 316 318 320 322 340 342 344 346 348 366 368 370 392 394 
47 1 2 3 4 5 10 11 12 13 14 15 19 20 21 22 23 24 25 28 29 30 31 32 33 34 37 38 39 40 41 42 43 44 46 48 49 50 51 52 53 55 56 57 58 59 60 61 62 64 65 66 67 68 69 70 74 76 78 104 106 108 110 112 134 136 138 140 142 144 164 166 168 170 172 174 194 196 198 200 202 204 224 226 228 230 232 234 236 254 256 258 260 262 264 284 286 288 290 292 294 313 314 316 318 320 322 339 340 342 344 346 366 368 370 392 394 
48 1 2 3 4 5 6 10 11 12 13 14 15 16 19 20 21 22 23 24 25 26 28 29 30 31 32 33 34 35 37 38 39 40 41 42 43 44 45 46 47 49 50 51 52 53 54 55 56 57 58 59 60 61 62 63 64 65 66 67 68 69 70 71 104 106 108 134 136 138 140 142 164 166 168 170 172 194 196 198 200 202 204 224 226 228 230 232 234 254 256 258 260 262 264 284 286 288 290 292 313 314 316 318 320 339 340 342 344 346 366 368 392 
49 1 2 3 4 5 6 7 10 11 12 13 14 15 16 17 19 20 21 22 23 24 25 26 27 28 29 30 31 32 33 34 35 36 37 38 39 40 41 42 43 44 45 46 47 48 50 51 52 53 54 55 56 57 58 59 60 61 62 63 64 65 66 67 68 69 70 71 72 134 136 138 164 166 168 170 194 196 198 200 224 226 228 230 232 254 256 258 260 284 286 288 290 313 314 315 316 318 339 340 342 344 366 392 
50 2 3 4 5 6 7 8 10 11 12 13 14 15 16 17 18 19 20 21 22 23 24 25 26 27 28 29 30 31 32 33 34 35 36 37 38 39 40 41 42 43 44 45 46 47 48 49 51 52 53 54 55 56 57 58 59 60 61 62 63 64 65 66 67 68 69 70 71 72 313 314 315 316 317 318 339 340 341 342 365 366 
51 3 4 5 6 7 8 9 11 12 13 14 15 16 17 18 19 20 21 22 23 24 25 26 27 28 29 30 31 32 33 34 35 36 37 38 39 40 41 42 43 44 45 46 47 48 49 50 52 53 54 55 56 57 58 59 60 61 62 63 64 65 66 67 68 69 70 71 72 133 135 137 163 165 167 169 193 195 197 199 223 225 227 229 231 253 255 257 259 283 285 287 289 313 314 315 316 317 339 340 341 343 365 391 
52 4 5 6 7 8 9 12 13 14 15 16 17 18 20 21 22 23 24 25 26 27 29 30 31 32 33 34 35 36 37 38 39 40 41 42 43 44 45 46 47 48 49 50 51 53 54 55 56 57 58 59 60 61 62 63 65 66 67 68 69 70 71 72 103 105 107 133 135 137 139 141 163 165 167 169 171 193 195 197 199 201 203 223 225 227 229 231 233 253 255 257 259 261 263 283 285 287 289 291 313 314 315 317 319 339 340 341 343 345 365 367 391 
53 5 6 7 8 9 13 14 15 16 17 18 21 22 23 24 25 26 27 30 31 32 33 34 35 36 38 39 40 41 42 43 44 45 47 48 49 50 51 52 54 56 57 58 59 60 61 62 63 66 67 68 69 70 71 72 73 75 77 103 105 107 109 111 133 135 137 139 141 143 163 165 167 169 171 173 193 195 197 199 201 203 223 225 227 229 231 233 235 253 255 257 259 261 263 283 285 287 289 291 293 313 314 315 317 319 321 339 340 341 343 345 365 367 369 391 393 
54 6 7 8 9 14 15 16 17 18 22 23 24 25 26 27 31 32 33 34 35 36 39 40 41 42 43 44 45 48 49 50 51 52 53 57 58 59 60 61 62 63 67 68 69 70 71 72 73 75 77 79 103 105 107 109 111 133 135 137 139 141 143 163 165 167 169 171 173 175 193 195 197 199 201 203 205 223 225 227 229 231 233 235 253 255 257 259 261 263 265 283 285 287 289 291 293 295 313 315 317 319 321 339 341 343 345 347 365 367 369 391 393 
55 1 2 10 11 12 13 19 20 21 22 23 28 29 30 31 32 33 37 38 39 40 41 42 46 47 48 49 50 51 52 56 57 58 59 60 61 64 65 66 67 68 69 70 104 106 108 110 134 136 138 140 142 164 166 168 170 172 174 194 196 198 200 202 204 206 224 226 228 230 232 234 236 254 256 258 260 262 264 266 284 286 288 290 292 294 296 313 314 316 318 320 322 324 340 342 344 346 348 366 368 370 372 392 394 396 398 422 424 
56 1 2 3 10 11 12 13 14 19 20 21 22 23 24 28 29 30 31 32 33 34 37 38 39 40 41 42 43 46 47 48 49 50 51 52 53 55 57 58 59 60 61 62 64 65 66 67 68 69 70 71 104 106 108 134 136 138 140 142 164 166 168 170 172 174 194 196 198 200 202 204 224 226 228 230 232 234 254 256 258 260 262 264 266 284 286 288 290 292 294 313 314 316 318 320 322 339 340 342 344 346 348 366 368 370 372 392 394 396 422 
57 2 3 4 10 11 12 13 14 15 19 20 21 22 23 24 25 28 29 30 31 32 33 34 35 37 38 39 40 41 42 43 44 46 47 48 49 50 51 52 53 54 55 56 58 59 60 61 62 63 64 65 66 67 68 69 70 71 72 134 136 138 164 166 168 170 172 194 196 198 200 202 224 226 228 230 232 234 254 256 258 260 262 264 284 286 288 290 292 294 313 314 315 316 318 320 322 339 340 342 344 346 366 368 370 392 394 396 
58 3 4 5 10 11 12 13 14 15 16 19 20 21 22 23 24 25 26 28 29 30 31 32 33 34 35 36 37 38 39 40 41 42 43 44 45 46 47 48 49 50 51 52 53 54 55 56 57 59 60 61 62 63 64 65 66 67 68 69 70 71 72 164 166 168 194 196 198 200 224 226 228 230 254 256 258 260 262 284 286 288 290 313 314 315 316 318 320 339 340 341 342 344 365 366 368 391 392 394 
59 4 5 6 11 12 13 14 15 16 17 19 20 21 22 23 24 25 26 27 28 29 30 31 32 33 34 35 36 37 38 39 40 41 42 43 44 45 46 47 48 49 50 51 52 53 54 55 56 57 58 60 61 62 63 64 65 66 67 68 69 70 71 72 313 314 315 316 317 318 339 340 341 342 343 344 365 366 391 392 
60 5 6 7 12 13 14 15 16 17 18 20 21 22 23 24 25 26 27 28 29 30 31 32 33 34 35 36 37 38 39 40 41 42 43 44 45 46 47 48 49 50 51 52 53 54 55 56 57 58 59 61 62 63 64 65 66 67 68 69 70 71 72 163 165 167 193 195 197 199 223 225 227 229 253 255 257 259 261 283 285 287 289 313 314 315 316 317 319 339 340 341 342 343 365 366 367 391 392 393 
61 6 7 8 13 14 15 16 17 18 21 22 23 24 25 26 27 29 30 31 32 33 34 35 36 38 39 40 41 42 43 44 45 46 47 48 49 50 51 52 53 54 55 56 57 58 59 60 62 63 64 65 66 67 68 69 70 71 72 133 135 137 163 165 167 169 171 193 195 197 199 201 223 225 227 229 231 233 253 255 257 259 261 263 283 285 287 289 291 293 313 314 315 316 317 319 321 339 340 341 343 345 365 367 369 391 393 395 
62 7 8 9 14 15 16 17 18 22 23 24 25 26 27 30 31 32 33 34 35 36 39 40 41 42 43 44 45 47 48 49 50 51 52 53 54 56 57 58 59 60 61 63 65 66 67 68 69 70 71 72 103 105 107 133 135 137 139 141 163 165 167 169 171 173 193 195 197 199 201 203 223 225 227 229 231 233 253 255 257 259 261 263 265 283 285 287 289 291 293 313 314 315 317 319 321 339 340 341 343 345 347 365 367 369 371 391 393 395 421 
63 8 9 15 16 17 18 23 24 25 26 27 31 32 33 34 35 36 40 41 42 43 44 45 48 49 50 51 52 53 54 57 58 59 60 61 62 66 67 68 69 70 71 72 103 105 107 109 133 135 137 139 141 163 165 167 169 171 173 193 195 197 199 201 203 205 223 225 227 229 231 233 235 253 255 257 259 261 263 265 283 285 287 289 291 293 295 313 314 315 317 319 321 323 339 341 343 345 347 365 367 369 371 391 393 395 397 421 423 
64 10 11 19 20 21 22 28 29 30 31 32 37 38 39 40 41 42 46 47 48 49 50 51 55 56 57 58 59 60 61 65 66 67 68 69 70 134 136 138 140 164 166 168 170 172 194 196 198 200 202 204 224 226 228 230 232 234 236 254 256 258 260 262 264 266 284 286 288 290 292 294 296 313 314 316 318 320 322 324 339 340 342 344 346 348 350 366 368 370 372 374 392 394 396 398 400 422 424 426 428 454 
65 10 11 12 19 20 21 22 23 28 29 30 31 32 33 37 38 39 40 41 42 43 46 47 48 49 50 51 52 55 56 57 58 59 60 61 62 64 66 67 68 69 70 71 134 136 138 164 166 168 170 172 194 196 198 200 202 204 224 226 228 230 232 234 254 256 258 260 262 264 284 286 288 290 292 294 296 313 314 316 318 320 322 324 339 340 342 344 346 348 366 368 370 372 392 394 396 398 422 424 426 
66 11 12 13 19 20 21 22 23 24 28 29 30 31 32 33 34 37 38 39 40 41 42 43 44 46 47 48 49 50 51 52 53 55 56 57 58 59 60 61 62 63 64 65 67 68 69 70 71 72 164 166 168 194 196 198 200 202 224 226 228 230 232 254 256 258 260 262 264 284 286 288 290 292 294 313 314 315 316 318 320 322 339 340 341 342 344 346 348 365 366 368 370 372 391 392 394 396 422 424 
67 12 13 14 19 20 21 22 23 24 25 28 29 30 31 32 33 34 35 37 38 39 40 41 42 43 44 45 46 47 48 49 50 51 52 53 54 55 56 57 58 59 60 61 62 63 64 65 66 68 69 70 71 72 194 196 198 224 226 228 230 254 256 258 260 284 286 288 290 292 313 314 315 316 318 320 339 340 341 342 344 346 365 366 368 370 391 392 394 396 422 
68 13 14 15 20 21 22 23 24 25 26 28 29 30 31 32 33 34 35 36 37 38 39 40 41 42 43 44 45 46 47 48 49 50 51 52 53 54 55 56 57 58 59 60 61 62 63 64 65 66 67 69 70 71 72 313 314 315 316 317 318 339 340 341 342 343 344 365 366 367 368 391 392 393 394 
69 14 15 16 21 22 23 24 25 26 27 29 30 31 32 33 34 35 36 37 38 39 40 41 42 43 44 45 46 47 48 49 50 51 52 53 54 55 56 57 58 59 60 61 62 63 64 65 66 67 68 70 71 72 193 195 197 223 225 227 229 253 255 257 259 283 285 287 289 291 313 314 315 316 317 319 339 340 341 342 343 345 365 366 367 369 391 392 393 395 421 
70 15 16 17 22 23 24 25 26 27 30 31 32 33 34 35 36 38 39 40 41 42 43 44 45 47 48 49 50 51 52 53 54 55 56 57 58 59 60 61 62 63 64 65 66 67 68 69 71 72 163 165 167 193 195 197 199 201 223 225 227 229 231 253 255 257 259 261 263 283 285 287 289 291 293 313 314 315 316 317 319 321 339 340 341 342 343 345 347 365 366 367 369 371 391 392 393 395 421 423 
71 16 17 18 23 24 25 26 27 31 32 33 34 35 36 39 40 41 42 43 44 45 48 49 50 51 52 53 54 56 57 58 59 60 61 62 63 65 66 67 68 69 70 72 133 135 137 163 165 167 169 171 193 195 197 199 201 203 223 225 227 229 231 233 253 255 257 259 261 263 283 285 287 289 291 293 295 313 314 315 317 319 321 323 339 340 341 343 345 347 365 367 369 371 391 393 395 397 421 423 425 
72 17 18 24 25 26 27 32 33 34 35 36 40 41 42 43 44 45 49 50 51 52 53 54 57 58 59 60 61 62 63 66 67 68 69 70 71 133 135 137 139 163 165 167 169 171 193 195 197 199 201 203 223 225 227 229 231 233 235 253 255 257 259 261 263 265 283 285 287 289 291 293 295 313 314 315 317 319 321 323 339 340 341 343 345 347 349 365 367 369 371 373 391 393 395 397 399 421 423 425 427 453 
73 6 7 8 9 15 16 17 18 24 25 26 27 33 34 35 36 43 44 45 53 54 75 77 79 81 83 85 103 105 107 109 111 113 115 133 135 137 139 141 143 163 165 167 169 171 173 193 195 197 199 201 223 225 227 229 253 255 
74 1 2 3 4 10 11 12 13 19 20 21 22 28 29 30 31 37 38 39 46 47 76 78 80 82 84 86 104 106 108 110 112 114 116 134 136 138 140 142 144 164 166 168 170 172 174 194 196 198 200 202 224 226 228 230 254 256 
75 6 7 8 9 15 16 17 18 24 25 26 27 33 34 35 36 43 44 45 53 54 73 77 79 81 83 85 87 103 105 107 109 111 113 115 117 133 135 137 139 141 143 145 163 165 167 169 171 173 175 193 195 197 199 201 203 223 225 227 229 231 253 255 257 
76 1 2 3 4 10 11 12 13 19 20 21 22 28 29 30 31 37 38 39 46 47 74 78 80 82 84 86 88 104 106 108 110 112 114 116 118 134 136 138 140 142 144 146 164 166 168 170 172 174 176 194 196 198 200 202 204 224 226 228 230 232 254 256 258 
77 6 7 8 9 15 16 17 18 24 25 26 27 33 34 35 36 43 44 45 53 54 73 75 79 81 83 85 87 89 103 105 107 109 111 113 115 117 119 133 135 137 139 141 143 145 147 163 165 167 169 171 173 175 177 193 195 197 199 201 203 205 223 225 227 229 231 233 255 257 259 
78 1 2 3 4 10 11 12 13 19 20 21 22 28 29 30 31 37 38 39 46 47 74 76 80 82 84 86 88 90 104 106 108 110 112 114 116 118 120 134 136 138 140 142 144 146 148 164 166 168 170 172 174 176 178 194 196 198 200 202 204 206 224 226 228 230 232 234 256 258 260 
79 6 7 8 9 15 16 17 18 24 25 26 27 34 35 36 44 45 54 73 75 77 81 83 85 87 89 91 103 105 107 109 111 113 115 117 119 121 133 135 137 139 141 143 145 147 149 163 165 167 169 171 173 175 177 179 193 195 197 199 201 203 205 207 223 225 227 229 231 233 235 257 259 261 
80 1 2 3 4 10 11 12 13 19 20 21 22 28 29 30 37 38 46 74 76 78 82 84 86 88 90 92 104 106 108 110 112 114 116 118 120 122 134 136 138 140 142 144 146 148 150 164 166 168 170 172 174 176 178 180 194 196 198 200 202 204 206 208 224 226 228 230 232 234 236 258 260 262 
81 6 7 8 9 16 17 18 25 26 27 34 35 36 44 45 73 75 77 79 83 85 87 89 91 93 103 105 107 109 111 113 115 117 119 121 123 133 135 137 139 141 143 145 147 149 151 163 165 167 169 171 173 175 177 179 181 193 195 197 199 201 203 205 207 209 225 227 229 231 233 235 237 259 261 263 
82 1 2 3 4 10 11 12 19 20 21 28 29 30 37 38 74 76 78 80 84 86 88 90 92 94 104 106 108 110 112 114 116 118 120 122 124 134 136 138 140 142 144 146 148 150 152 164 166 168 170 172 174 176 178 180 182 194 196 198 200 202 204 206 208 210 226 228 230 232 234 236 238 260 262 264 
83 7 8 9 16 17 18 26 27 35 36 73 75 77 79 81 85 87 89 91 93 95 103 105 107 109 111 113 115 117 119 121 123 125 133 135 137 139 141 143 145 147 149 151 153 163 165 167 169 171 173 175 177 179 181 183 195 197 199 201 203 205 207 209 211 227 229 231 233 235 237 239 261 263 265 
84 1 2 3 10 11 12 19 20 28 29 74 76 78 80 82 86 88 90 92 94 96 104 106 108 110 112 114 116 118 120 122 124 126 134 136 138 140 142 144 146 148 150 152 154 164 166 168 170 172 174 176 178 180 182 184 196 198 200 202 204 206 208 210 212 228 230 232 234 236 238 240 262 264 266 
85 8 9 18 27 73 75 77 79 81 83 87 89 91 93 95 97 103 105 107 109 111 113 115 117 119 121 123 125 127 135 137 139 141 143 145 147 149 151 153 155 165 167 169 171 173 175 177 179 181 183 185 197 199 201 203 205 207 209 211 213 229 231 233 235 237 239 241 263 265 267 
86 1 2 10 19 74 76 78 80 82 84 88 90 92 94 96 98 104 106 108 110 112 114 116 118 120 122 124 126 128 136 138 140 142 144 146 148 150 152 154 156 166 168 170 172 174 176 178 180 182 184 186 198 200 202 204 206 208 210 212 214 230 232 234 236 238 240 242 264 266 268 
87 75 77 79 81 83 85 89 91 93 95 97 99 105 107 109 111 113 115 117 119 121 123 125 127 129 137 139 141 143 145 147 149 151 153 155 157 167 169 171 173 175 177 179 181 183 185 187 199 201 203 205 207 209 211 213 215 231 233 235 237 239 241 243 265 267 269 
88 76 78 80 82 84 86 90 92 94 96 98 100 106 108 110 112 114 116 118 120 122 124 126 128 130 138 140 142 144 146 148 150 152 154 156 158 168 170 172 174 176 178 180 182 184 186 188 200 202 204 206 208 210 212 214 216 232 234 236 238 240 242 244 266 268 270 
89 77 79 81 83 85 87 91 93 95 97 99 101 107 109 111 113 115 117 119 121 123 125 127 129 131 139 141 143 145 147 149 151 153 155 157 159 169 171 173 175 177 179 181 183 185 187 189 201 203 205 207 209 211 213 215 217 233 235 237 239 241 243 245 267 269 271 
90 78 80 82 84 86 88 92 94 96 98 100 102 108 110 112 114 116 118 120 122 124 126 128 130 132 140 142 144 146 148 150 152 154 156 158 160 170 172 174 176 178 180 182 184 186 188 190 202 204 206 208 210 212 214 216 218 234 236 238 240 242 244 246 268 270 272 
91 79 81 83 85 87 89 93 95 97 99 101 109 111 113 115 117 119 121 123 125 127 129 131 141 143 145 147 149 151 153 155 157 159 161 171 173 175 177 179 181 183 185 187 189 191 203 205 207 209 211 213 215 217 219 235 237 239 241 243 245 247 269 271 273 
92 80 82 84 86 88 90 94 96 98 100 102 110 112 114 116 118 120 122 124 126 128 130 132 142 144 146 148 150 152 154 156 158 160 162 172 174 176 178 180 182 184 186 188 190 192 204 206 208 210 212 214 216 218 220 236 238 240 242 244 246 248 270 272 274 
93 81 83 85 87 89 91 95 97 99 101 111 113 115 117 119 121 123 125 127 129 131 143 145 147 149 151 153 155 157 159 161 173 175 177 179 181 183 185 187 189 191 205 207 209 211 213 215 217 219 221 237 239 241 243 245 247 249 271 273 275 
94 82 84 86 88 90 92 96 98 100 102 112 114 116 118 120 122 124 126 128 130 132 144 146 148 150 152 154 156 158 160 162 174 176 178 180 182 184 186 188 190 192 206 208 210 212 214 216 218 220 222 238 240 242 244 246 248 250 272 274 276 
95 83 85 87 89 91 93 97 99 101 113 115 117 119 121 123 125 127 129 131 145 147 149 151 153 155 157 159 161 175 177 179 181 183 185 187 189 191 207 209 211 213 215 217 219 221 239 241 243 245 247 249 251 273 275 277 
96 84 86 88 90 92 94 98 100 102 114 116 118 120 122 124 126 128 130 132 146 148 150 152 154 156 158 160 162 176 178 180 182 184 186 188 190 192 208 210 212 214 216 218 220 222 240 242 244 246 248 250 252 274 276 278 
97 85 87 89 91 93 95 99 101 115 117 119 121 123 125 127 129 131 147 149 151 153 155 157 159 161 177 179 181 183 185 187 189 191 209 211 213 215 217 219 221 241 243 245 247 249 251 275 277 279 
98 86 88 90 92 94 96 100 102 116 118 120 122 124 126 128 130 132 148 150 152 154 156 158 160 162 178 180 182 184 186 188 190 192 210 212 214 216 218 220 222 242 244 246 248 250 252 276 278 280 
99 87 89 91 93 95 97 101 117 119 121 123 125 127 129 131 149 151 153 155 157 159 161 179 181 183 185 187 189 191 211 213 215 217 219 221 243 245 247 249 251 277 279 281 
100 88 90 92 94 96 98 102 118 120 122 124 126 128 130 132 150 152 154 156 158 160 162 180 182 184 186 188 190 192 212 214 216 218 220 222 244 246 248 250 252 278 280 282 
101 89 91 93 95 97 99 119 121 123 125 127 129 131 151 153 155 157 159 161 181 183 185 187 189 191 213 215 217 219 221 245 247 249 251 279 281 
102 90 92 94 96 98 100 120 122 124 126 128 130 132 152 154 156 158 160 162 182 184 186 188 190 192 214 216 218 220 222 246 248 250 252 280 282 
103 6 7 8 9 15 16 17 18 24 25 26 27 33 34 35 36 42 43 44 45 52 53 54 62 63 73 75 77 79 81 83 85 105 107 109 111 113 115 133 135 137 139 141 143 145 163 165 167 169 171 173 193 195 197 199 201 203 223 225 227 229 231 253 255 257 259 283 285 
104 1 2 3 4 10 11 12 13 19 20 21 22 28 29 30 31 37 38 39 40 46 47 48 55 56 74 76 78 80 82 84 86 106 108 110 112 114 116 134 136 138 140 142 144 146 164 166 168 170 172 174 194 196 198 200 202 204 224 226 228 230 232 254 256 258 260 284 286 
105 6 7 8 9 15 16 17 18 24 25 26 27 33 34 35 36 42 43 44 45 52 53 54 62 63 73 75 77 79 81 83 85 87 103 107 109 111 113 115 117 133 135 137 139 141 143 145 147 163 165 167 169 171 173 175 193 195 197 199 201 203 205 223 225 227 229 231 233 253 255 257 259 261 283 285 287 
106 1 2 3 4 10 11 12 13 19 20 21 22 28 29 30 31 37 38 39 40 46 47 48 55 56 74 76 78 80 82 84 86 88 104 108 110 112 114 116 118 134 136 138 140 142 144 146 148 164 166 168 170 172 174 176 194 196 198 200 202 204 206 224 226 228 230 232 234 254 256 258 260 262 284 286 288 
107 6 7 8 9 15 16 17 18 24 25 26 27 33 34 35 36 42 43 44 45 52 53 54 62 63 73 75 77 79 81 83 85 87 89 103 105 109 111 113 115 117 119 133 135 137 139 141 143 145 147 149 163 165 167 169 171 173 175 177 193 195 197 199 201 203 205 207 223 225 227 229 231 233 235 253 255 257 259 261 263 285 287 289 
108 1 2 3 4 10 11 12 13 19 20 21 22 28 29 30 31 37 38 39 40 46 47 48 55 56 74 76 78 80 82 84 86 88 90 104 106 110 112 114 116 118 120 134 136 138 140 142 144 146 148 150 164 166 168 170 172 174 176 178 194 196 198 200 202 204 206 208 224 226 228 230 232 234 236 254 256 258 260 262 264 286 288 290 
109 6 7 8 9 15 16 17 18 24 25 26 27 33 34 35 36 43 44 45 53 54 63 73 75 77 79 81 83 85 87 89 91 103 105 107 111 113 115 117 119 121 133 135 137 139 141 143 145 147 149 151 163 165 167 169 171 173 175 177 179 193 195 197 199 201 203 205 207 209 223 225 227 229 231 233 235 237 253 255 257 259 261 263 265 287 289 291 
110 1 2 3 4 10 11 12 13 19 20 21 22 28 29 30 31 37 38 39 46 47 55 74 76 78 80 82 84 86 88 90 92 104 106 108 112 114 116 118 120 122 134 136 138 140 142 144 146 148 150 152 164 166 168 170 172 174 176 178 180 194 196 198 200 202 204 206 208 210 224 226 228 230 232 234 236 238 254 256 258 260 262 264 266 288 290 292 
111 7 8 9 15 16 17 18 25 26 27 34 35 36 43 44 45 53 54 73 75 77 79 81 83 85 87 89 91 93 103 105 107 109 113 115 117 119 121 123 133 135 137 139 141 143 145 147 149 151 153 163 165 167 169 171 173 175 177 179 181 193 195 197 199 201 203 205 207 209 211 223 225 227 229 231 233 235 237 239 255 257 259 261 263 265 267 289 291 293 
112 1 2 3 10 11 12 13 19 20 21 28 29 30 37 38 39 46 47 74 76 78 80 82 84 86 88 90 92 94 104 106 108 110 114 116 118 120 122 124 134 136 138 140 142 144 146 148 150 152 154 164 166 168 170 172 174 176 178 180 182 194 196 198 200 202 204 206 208 210 212 224 226 228 230 232 234 236 238 240 256 258 260 262 264 266 268 290 292 294 
113 7 8 9 16 17 18 25 26 27 35 36 44 45 73 75 77 79 81 83 85 87 89 91 93 95 103 105 107 109 111 115 117 119 121 123 125 133 135 137 139 141 143 145 147 149 151 153 155 163 165 167 169 171 173 175 177 179 181 183 193 195 197 199 201 203 205 207 209 211 213 225 227 229 231 233 235 237 239 241 257 259 261 263 265 267 269 291 293 295 
114 1 2 3 10 11 12 19 20 21 28 29 37 38 74 76 78 80 82 84 86 88 90 92 94 96 104 106 108 110 112 116 118 120 122 124 126 134 136 138 140 142 144 146 148 150 152 154 156 164 166 168 170 172 174 176 178 180 182 184 194 196 198 200 202 204 206 208 210 212 214 226 228 230 232 234 236 238 240 242 258 260 262 264 266 268 270 292 294 296 
115 9 17 18 27 36 73 75 77 79 81 83 85 87 89 91 93 95 97 103 105 107 109 111 113 117 119 121 123 125 127 133 135 137 139 141 143 145 147 149 151 153 155 157 165 167 169 171 173 175 177 179 181 183 185 195 197 199 201 203 205 207 209 211 213 215 227 229 231 233 235 237 239 241 243 259 261 263 265 267 269 271 293 295 297 
116 1 10 11 19 28 74 76 78 80 82 84 86 88 90 92 94 96 98 104 106 108 110 112 114 118 120 122 124 126 128 134 136 138 140 142 144 146 148 150 152 154 156 158 166 168 170 172 174 176 178 180 182 184 186 196 198 200 202 204 206 208 210 212 214 216 228 230 232 234 236 238 240 242 244 260 262 264 266 268 270 272 294 296 298 
117 75 77 79 81 83 85 87 89 91 93 95 97 99 105 107 109 111 113 115 119 121 123 125 127 129 135 137 139 141 143 145 147 149 151 153 155 157 159 167 169 171 173 175 177 179 181 183 185 187 197 199 201 203 205 207 209 211 213 215 217 229 231 233 235 237 239 241 243 245 261 263 265 267 269 271 273 295 297 299 
118 76 78 80 82 84 86 88 90 92 94 96 98 100 106 108 110 112 114 116 120 122 124 126 128 130 136 138 140 142 144 146 148 150 152 154 156 158 160 168 170 172 174 176 178 180 182 184 186 188 198 200 202 204 206 208 210 212 214 216 218 230 232 234 236 238 240 242 244 246 262 264 266 268 270 272 274 296 298 300 
119 77 79 81 83 85 87 89 91 93 95 97 99 101 107 109 111 113 115 117 121 123 125 127 129 131 137 139 141 143 145 147 149 151 153 155 157 159 161 169 171 173 175 177 179 181 183 185 187 189 199 201 203 205 207 209 211 213 215 217 219 231 233 235 237 239 241 243 245 247 263 265 267 269 271 273 275 297 299 301 
120 78 80 82 84 86 88 90 92 94 96 98 100 102 108 110 112 114 116 118 122 124 126 128 130 132 138 140 142 144 146 148 150 152 154 156 158 160 162 170 172 174 176 178 180 182 184 186 188 190 200 202 204 206 208 210 212 214 216 218 220 232 234 236 238 240 242 244 246 248 264 266 268 270 272 274 276 298 300 302 
121 79 81 83 85 87 89 91 93 95 97 99 101 109 111 113 115 117 119 123 125 127 129 131 139 141 143 145 147 149 151 153 155 157 159 161 171 173 175 177 179 181 183 185 187 189 191 201 203 205 207 209 211 213 215 217 219 221 233 235 237 239 241 243 245 247 249 265 267 269 271 273 275 277 299 301 303 
122 80 82 84 86 88 90 92 94 96 98 100 102 110 112 114 116 118 120 124 126 128 130 132 140 142 144 146 148 150 152 154 156 158 160 162 172 174 176 178 180 182 184 186 188 190 192 202 204 206 208 210 212 214 216 218 220 222 234 236 238 240 242 244 246 248 250 266 268 270 272 274 276 278 300 302 304 
123 81 83 85 87 89 91 93 95 97 99 101 111 113 115 117 119 121 125 127 129 131 141 143 145 147 149 151 153 155 157 159 161 173 175 177 179 181 183 185 187 189 191 203 205 207 209 211 213 215 217 219 221 235 237 239 241 243 245 247 249 251 267 269 271 273 275 277 279 301 303 305 
124 82 84 86 88 90 92 94 96 98 100 102 112 114 116 118 120 122 126 128 130 132 142 144 146 148 150 152 154 156 158 160 162 174 176 178 180 182 184 186 188 190 192 204 206 208 210 212 214 216 218 220 222 236 238 240 242 244 246 248 250 252 268 270 272 274 276 278 280 302 304 306 
125 83 85 87 89 91 93 95 97 99 101 113 115 117 119 121 123 127 129 131 143 145 147 149 151 153 155 157 159 161 175 177 179 181 183 185 187 189 191 205 207 209 211 213 215 217 219 221 237 239 241 243 245 247 249 251 269 271 273 275 277 279 281 303 305 307 
126 84 86 88 90 92 94 96 98 100 102 114 116 118 120 122 124 128 130 132 144 146 148 150 152 154 156 158 160 162 176 178 180 182 184 186 188 190 192 206 208 210 212 214 216 218 220 222 238 240 242 244 246 248 250 252 270 272 274 276 278 280 282 304 306 308 
127 85 87 89 91 93 95 97 99 101 115 117 119 121 123 125 129 131 145 147 149 151 153 155 157 159 161 177 179 181 183 185 187 189 191 207 209 211 213 215 217 219 221 239 241 243 245 247 249 251 271 273 275 277 279 281 305 307 309 
128 86 88 90 92 94 96 98 100 102 116 118 120 122 124 126 130 132 146 148 150 152 154 156 158 160 162 178 180 182 184 186 188 190 192 208 210 212 214 216 218 220 222 240 242 244 246 248 250 252 272 274 276 278 280 282 306 308 310 
129 87 89 91 93 95 97 99 101 117 119 121 123 125 127 131 147 149 151 153 155 157 159 161 179 181 183 185 187 189 191 209 211 213 215 217 219 221 241 243 245 247 249 251 273 275 277 279 281 307 309 311 
130 88 90 92 94 96 98 100 102 118 120 122 124 126 128 132 148 150 152 154 156 158 160 162 180 182 184 186 188 190 192 210 212 214 216 218 220 222 242 244 246 248 250 252 274 276 278 280 282 308 310 312 
131 89 91 93 95 97 99 101 119 121 123 125 127 129 149 151 153 155 157 159 161 181 183 185 187 189 191 211 213 215 217 219 221 243 245 247 249 251 275 277 279 281 309 311 
132 90 92 94 96 98 100 102 120 122 124 126 128 130 150 152 154 156 158 160 162 182 184 186 188 190 192 212 214 216 218 220 222 244 246 248 250 252 276 278 280 282 310 312 
133 6 7 8 9 15 16 17 18 24 25 26 27 33 34 35 36 42 43 44 45 51 52 53 54 61 62 63 71 72 73 75 77 79 81 83 103 105 107 109 111 113 115 135 137 139 141 143 145 163 165 167 169 171 173 175 193 195 197 199 201 203 223 225 227 229 231 233 253 255 257 259 261 283 285 287 289 
134 1 2 3 4 10 11 12 13 19 20 21 22 28 29 30 31 37 38 39 40 46 47 48 49 55 56 57 64 65 74 76 78 80 82 84 104 106 108 110 112 114 116 136 138 140 142 144 146 164 166 168 170 172 174 176 194 196 198 200 202 204 224 226 228 230 232 234 254 256 258 260 262 284 286 288 290 
135 6 7 8 9 15 16 17 18 24 25 26 27 33 34 35 36 42 43 44 45 51 52 53 54 61 62 63 71 72 73 75 77 79 81 83 85 103 105 107 109 111 113 115 117 133 137 139 141 143 145 147 163 165 167 169 171 173 175 177 193 195 197 199 201 203 205 223 225 227 229 231 233 235 253 255 257 259 261 263 283 285 287 289 291 
136 1 2 3 4 10 11 12 13 19 20 21 22 28 29 30 31 37 38 39 40 46 47 48 49 55 56 57 64 65 74 76 78 80 82 84 86 104 106 108 110 112 114 116 118 134 138 140 142 144 146 148 164 166 168 170 172 174 176 178 194 196 198 200 202 204 206 224 226 228 230 232 234 236 254 256 258 260 262 264 284 286 288 290 292 
137 6 7 8 9 15 16 17 18 24 25 26 27 33 34 35 36 42 43 44 45 51 52 53 54 61 62 63 71 72 73 75 77 79 81 83 85 87 103 105 107 109 111 113 115 117 119 133 135 139 141 143 145 147 149 163 165 167 169 171 173 175 177 179 193 195 197 199 201 203 205 207 223 225 227 229 231 233 235 237 253 255 257 259 261 263 265 283 285 287 289 291 293 
138 1 2 3 4 10 11 12 13 19 20 21 22 28 29 30 31 37 38 39 40 46 47 48 49 55 56 57 64 65 74 76 78 80 82 84 86 88 104 106 108 110 112 114 116 118 120 134 136 140 142 144 146 148 150 164 166 168 170 172 174 176 178 180 194 196 198 200 202 204 206 208 224 226 228 230 232 234 236 238 254 256 258 260 262 264 266 284 286 288 290 292 294 
139 6 7 8 9 15 16 17 18 24 25 26 27 33 34 35 36 42 43 44 45 52 53 54 62 63 72 73 75 77 79 81 83 85 87 89 103 105 107 109 111 113 115 117 119 121 133 135 137 141 143 145 147 149 151 163 165 167 169 171 173 175 177 179 181 193 195 197 199 201 203 205 207 209 223 225 227 229 231 233 235 237 239 253 255 257 259 261 263 265 267 283 285 287 289 291 293 295 317 319 
140 1 2 3 4 10 11 12 13 19 20 21 22 28 29 30 31 37 38 39 40 46 47 48 55 56 64 74 76 78 80 82 84 86 88 90 104 106 108 110 112 114 116 118 120 122 134 136 138 142 144 146 148 150 152 164 166 168 170 172 174 176 178 180 182 194 196 198 200 202 204 206 208 210 224 226 228 230 232 234 236 238 240 254 256 258 260 262 264 266 268 284 286 288 290 292 294 296 318 320 
141 7 8 9 16 17 18 24 25 26 27 34 35 36 43 44 45 52 53 54 62 63 73 75 77 79 81 83 85 87 89 91 103 105 107 109 111 113 115 117 119 121 123 133 135 137 139 143 145 147 149 151 153 163 165 167 169 171 173 175 177 179 181 183 193 195 197 199 201 203 205 207 209 211 223 225 227 229 231 233 235 237 239 241 253 255 257 259 261 263 265 267 269 285 287 289 291 293 295 297 319 321 
142 1 2 3 10 11 12 19 20 21 22 28 29 30 37 38 39 46 47 48 55 56 74 76 78 80 82 84 86 88 90 92 104 106 108 110 112 114 116 118 120 122 124 134 136 138 140 144 146 148 150 152 154 164 166 168 170 172 174 176 178 180 182 184 194 196 198 200 202 204 206 208 210 212 224 226 228 230 232 234 236 238 240 242 254 256 258 260 262 264 266 268 270 286 288 290 292 294 296 298 320 322 
143 8 9 16 17 18 25 26 27 34 35 36 44 45 53 54 73 75 77 79 81 83 85 87 89 91 93 103 105 107 109 111 113 115 117 119 121 123 125 133 135 137 139 141 145 147 149 151 153 155 163 165 167 169 171 173 175 177 179 181 183 185 193 195 197 199 201 203 205 207 209 211 213 223 225 227 229 231 233 235 237 239 241 243 255 257 259 261 263 265 267 269 271 287 289 291 293 295 297 299 319 321 323 
144 1 2 10 11 12 19 20 21 28 29 30 37 38 46 47 74 76 78 80 82 84 86 88 90 92 94 104 106 108 110 112 114 116 118 120 122 124 126 134 136 138 140 142 146 148 150 152 154 156 164 166 168 170 172 174 176 178 180 182 184 186 194 196 198 200 202 204 206 208 210 212 214 224 226 228 230 232 234 236 238 240 242 244 256 258 260 262 264 266 268 270 272 288 290 292 294 296 298 300 320 322 324 
145 9 18 26 27 36 45 75 77 79 81 83 85 87 89 91 93 95 103 105 107 109 111 113 115 117 119 121 123 125 127 133 135 137 139 141 143 147 149 151 153 155 157 163 165 167 169 171 173 175 177 179 181 183 185 187 195 197 199 201 203 205 207 209 211 213 215 225 227 229 231 233 235 237 239 241 243 245 257 259 261 263 265 267 269 271 273 289 291 293 295 297 299 301 321 323 325 
146 1 10 19 20 28 37 76 78 80 82 84 86 88 90 92 94 96 104 106 108 110 112 114 116 118 120 122 124 126 128 134 136 138 140 142 144 148 150 152 154 156 158 164 166 168 170 172 174 176 178 180 182 184 186 188 196 198 200 202 204 206 208 210 212 214 216 226 228 230 232 234 236 238 240 242 244 246 258 260 262 264 266 268 270 272 274 290 292 294 296 298 300 302 322 324 326 
147 77 79 81 83 85 87 89 91 93 95 97 105 107 109 111 113 115 117 119 121 123 125 127 129 135 137 139 141 143 145 149 151 153 155 157 159 165 167 169 171 173 175 177 179 181 183 185 187 189 197 199 201 203 205 207 209 211 213 215 217 227 229 231 233 235 237 239 241 243 245 247 259 261 263 265 267 269 271 273 275 291 293 295 297 299 301 303 323 325 327 
148 78 80 82 84 86 88 90 92 94 96 98 106 108 110 112 114 116 118 120 122 124 126 128 130 136 138 140 142 144 146 150 152 154 156 158 160 166 168 170 172 174 176 178 180 182 184 186 188 190 198 200 202 204 206 208 210 212 214 216 218 228 230 232 234 236 238 240 242 244 246 248 260 262 264 266 268 270 272 274 276 292 294 296 298 300 302 304 324 326 328 
149 79 81 83 85 87 89 91 93 95 97 99 107 109 111 113 115 117 119 121 123 125 127 129 131 137 139 141 143 145 147 151 153 155 157 159 161 167 169 171 173 175 177 179 181 183 185 187 189 191 199 201 203 205 207 209 211 213 215 217 219 229 231 233 235 237 239 241 243 245 247 249 261 263 265 267 269 271 273 275 277 293 295 297 299 301 303 305 325 327 329 
150 80 82 84 86 88 90 92 94 96 98 100 108 110 112 114 116 118 120 122 124 126 128 130 132 138 140 142 144 146 148 152 154 156 158 160 162 168 170 172 174 176 178 180 182 184 186 188 190 192 200 202 204 206 208 210 212 214 216 218 220 230 232 234 236 238 240 242 244 246 248 250 262 264 266 268 270 272 274 276 278 294 296 298 300 302 304 306 326 328 330 
151 81 83 85 87 89 91 93 95 97 99 101 109 111 113 115 117 119 121 123 125 127 129 131 139 141 143 145 147 149 153 155 157 159 161 169 171 173 175 177 179 181 183 185 187 189 191 201 203 205 207 209 211 213 215 217 219 221 231 233 235 237 239 241 243 245 247 249 251 263 265 267 269 271 273 275 277 279 295 297 299 301 303 305 307 327 329 331 
152 82 84 86 88 90 92 94 96 98 100 102 110 112 114 116 118 120 122 124 126 128 130 132 140 142 144 146 148 150 154 156 158 160 162 170 172 174 176 178 180 182 184 186 188 190 192 202 204 206 208 210 212 214 216 218 220 222 232 234 236 238 240 242 244 246 248 250 252 264 266 268 270 272 274 276 278 280 296 298 300 302 304 306 308 328 330 332 
153 83 85 87 89 91 93 95 97 99 101 111 113 115 117 119 121 123 125 127 129 131 141 143 145 147 149 151 155 157 159 161 171 173 175 177 179 181 183 185 187 189 191 203 205 207 209 211 213 215 217 219 221 233 235 237 239 241 243 245 247 249 251 265 267 269 271 273 275 277 279 281 297 299 301 303 305 307 309 329 331 
154 84 86 88 90 92 94 96 98 100 102 112 114 116 118 120 122 124 126 128 130 132 142 144 146 148 150 152 156 158 160 162 172 174 176 178 180 182 184 186 188 190 192 204 206 208 210 212 214 216 218 220 222 234 236 238 240 242 244 246 248 250 252 266 268 270 272 274 276 278 280 282 298 300 302 304 306 308 310 330 332 
155 85 87 89 91 93 95 97 99 101 113 115 117 119 121 123 125 127 129 131 143 145 147 149 151 153 157 159 161 173 175 177 179 181 183 185 187 189 191 205 207 209 211 213 215 217 219 221 235 237 239 241 243 245 247 249 251 267 269 271 273 275 277 279 281 299 301 303 305 307 309 311 331 333 
156 86 88 90 92 94 96 98 100 102 114 116 118 120 122 124 126 128 130 132 144 146 148 150 152 154 158 160 162 174 176 178 180 182 184 186 188 190 192 206 208 210 212 214 216 218 220 222 236 238 240 242 244 246 248 250 252 268 270 272 274 276 278 280 282 300 302 304 306 308 310 312 332 334 
157 87 89 91 93 95 97 99 101 115 117 119 121 123 125 127 129 131 145 147 149 151 153 155 159 161 175 177 179 181 183 185 187 189 191 207 209 211 213 215 217 219 221 237 239 241 243 245 247 249 251 269 271 273 275 277 279 281 301 303 305 307 309 311 
158 88 90 92 94 96 98 100 102 116 118 120 122 124 126 128 130 132 146 148 150 152 154 156 160 162 176 178 180 182 184 186 188 190 192 208 210 212 214 216 218 220 222 238 240 242 244 246 248 250 252 270 272 274 276 278 280 282 302 304 306 308 310 312 
159 89 91 93 95 97 99 101 117 119 121 123 125 127 129 131 147 149 151 153 155 157 161 177 179 181 183 185 187 189 191 209 211 213 215 217 219 221 239 241 243 245 247 249 251 271 273 275 277 279 281 303 305 307 309 311 
160 90 92 94 96 98 100 102 118 120 122 124 126 128 130 132 148 150 152 154 156 158 162 178 180 182 184 186 188 190 192 210 212 214 216 218 220 222 240 242 244 246 248 250 252 272 274 276 278 280 282 304 306 308 310 312 
161 91 93 95 97 99 101 119 121 123 125 127 129 131 149 151 153 155 157 159 179 181 183 185 187 189 191 211 213 215 217 219 221 241 243 245 247 249 251 273 275 277 279 281 305 307 309 311 
162 92 94 96 98 100 102 120 122 124 126 128 130 132 150 152 154 156 158 160 180 182 184 186 188 190 192 212 214 216 218 220 222 242 244 246 248 250 252 274 276 278 280 282 306 308 310 312 
163 6 7 8 9 15 16 17 18 24 25 26 27 33 34 35 36 42 43 44 45 51 52 53 54 60 61 62 63 70 71 72 73 75 77 79 81 83 103 105 107 109 111 113 133 135 137 139 141 143 145 165 167 169 171 173 175 193 195 197 199 201 203 205 223 225 227 229 231 233 253 255 257 259 261 263 283 285 287 289 291 315 317 
164 1 2 3 4 10 11 12 13 19 20 21 22 28 29 30 31 37 38 39 40 46 47 48 49 55 56 57 58 64 65 66 74 76 78 80 82 84 104 106 108 110 112 114 134 136 138 140 142 144 146 166 168 170 172 174 176 194 196 198 200 202 204 206 224 226 228 230 232 234 254 256 258 260 262 264 284 286 288 290 292 316 318 
165 6 7 8 9 15 16 17 18 24 25 26 27 33 34 35 36 42 43 44 45 51 52 53 54 60 61 62 63 70 71 72 73 75 77 79 81 83 85 103 105 107 109 111 113 115 133 135 137 139 141 143 145 147 163 167 169 171 173 175 177 193 195 197 199 201 203 205 207 223 225 227 229 231 233 235 253 255 257 259 261 263 265 283 285 287 289 291 293 315 317 319 
166 1 2 3 4 10 11 12 13 19 20 21 22 28 29 30 31 37 38 39 40 46 47 48 49 55 56 57 58 64 65 66 74 76 78 80 82 84 86 104 106 108 110 112 114 116 134 136 138 140 142 144 146 148 164 168 170 172 174 176 178 194 196 198 200 202 204 206 208 224 226 228 230 232 234 236 254 256 258 260 262 264 266 284 286 288 290 292 294 316 318 320 
167 6 7 8 9 15 16 17 18 24 25 26 27 33 34 35 36 42 43 44 45 51 52 53 54 60 61 62 63 70 71 72 73 75 77 79 81 83 85 87 103 105 107 109 111 113 115 117 133 135 137 139 141 143 145 147 149 163 165 169 171 173 175 177 179 193 195 197 199 201 203 205 207 209 223 225 227 229 231 233 235 237 253 255 257 259 261 263 265 267 283 285 287 289 291 293 295 315 317 319 321 
168 1 2 3 4 10 11 12 13 19 20 21 22 28 29 30 31 37 38 39 40 46 47 48 49 55 56 57 58 64 65 66 74 76 78 80 82 84 86 88 104 106 108 110 112 114 116 118 134 136 138 140 142 144 146 148 150 164 166 170 172 174 176 178 180 194 196 198 200 202 204 206 208 210 224 226 228 230 232 234 236 238 254 256 258 260 262 264 266 268 284 286 288 290 292 294 296 316 318 320 322 
169 7 8 9 15 16 17 18 24 25 26 27 33 34 35 36 42 43 44 45 51 52 53 54 61 62 63 71 72 73 75 77 79 81 83 85 87 89 103 105 107 109 111 113 115 117 119 133 135 137 139 141 143 145 147 149 151 163 165 167 171 173 175 177 179 181 193 195 197 199 201 203 205 207 209 211 223 225 227 229 231 233 235 237 239 253 255 257 259 261 263 265 267 269 283 285 287 289 291 293 295 297 315 317 319 321 323 343 345 
170 1 2 3 10 11 12 13 19 20 21 22 28 29 30 31 37 38 39 40 46 47 48 49 55 56 57 64 65 74 76 78 80 82 84 86 88 90 104 106 108 110 112 114 116 118 120 134 136 138 140 142 144 146 148 150 152 164 166 168 172 174 176 178 180 182 194 196 198 200 202 204 206 208 210 212 224 226 228 230 232 234 236 238 240 254 256 258 260 262 264 266 268 270 284 286 288 290 292 294 296 298 316 318 320 322 324 344 346 
171 7 8 9 16 17 18 25 26 27 33 34 35 36 43 44 45 52 53 54 61 62 63 71 72 73 75 77 79 81 83 85 87 89 91 103 105 107 109 111 113 115 117 119 121 133 135 137 139 141 143 145 147 149 151 153 163 165 167 169 173 175 177 179 181 183 193 195 197 199 201 203 205 207 209 211 213 223 225 227 229 231 233 235 237 239 241 253 255 257 259 261 263 265 267 269 271 283 285 287 289 291 293 295 297 299 315 317 319 321 323 325 345 347 
172 1 2 3 10 11 12 19 20 21 28 29 30 31 37 38 39 46 47 48 55 56 57 64 65 74 76 78 80 82 84 86 88 90 92 104 106 108 110 112 114 116 118 120 122 134 136 138 140 142 144 146 148 150 152 154 164 166 168 170 174 176 178 180 182 184 194 196 198 200 202 204 206 208 210 212 214 224 226 228 230 232 234 236 238 240 242 254 256 258 260 262 264 266 268 270 272 284 286 288 290 292 294 296 298 300 316 318 320 322 324 326 346 348 
173 8 9 17 18 25 26 27 34 35 36 43 44 45 53 54 62 63 73 75 77 79 81 83 85 87 89 91 93 103 105 107 109 111 113 115 117 119 121 123 133 135 137 139 141 143 145 147 149 151 153 155 163 165 167 169 171 175 177 179 181 183 185 193 195 197 199 201 203 205 207 209 211 213 215 223 225 227 229 231 233 235 237 239 241 243 253 255 257 259 261 263 265 267 269 271 273 285 287 289 291 293 295 297 299 301 317 319 321 323 325 327 345 347 349 
174 1 2 10 11 19 20 21 28 29 30 37 38 39 46 47 55 56 74 76 78 80 82 84 86 88 90 92 94 104 106 108 110 112 114 116 118 120 122 124 134 136 138 140 142 144 146 148 150 152 154 156 164 166 168 170 172 176 178 180 182 184 186 194 196 198 200 202 204 206 208 210 212 214 216 224 226 228 230 232 234 236 238 240 242 244 254 256 258 260 262 264 266 268 270 272 274 286 288 290 292 294 296 298 300 302 318 320 322 324 326 328 346 348 350 
175 18 27 35 36 45 54 75 77 79 81 83 85 87 89 91 93 95 105 107 109 111 113 115 117 119 121 123 125 133 135 137 139 141 143 145 147 149 151 153 155 157 163 165 167 169 171 173 177 179 181 183 185 187 193 195 197 199 201 203 205 207 209 211 213 215 217 225 227 229 231 233 235 237 239 241 243 245 255 257 259 261 263 265 267 269 271 273 275 287 289 291 293 295 297 299 301 303 317 319 321 323 325 327 329 347 349 351 
176 10 19 28 29 37 46 76 78 80 82 84 86 88 90 92 94 96 106 108 110 112 114 116 118 120 122 124 126 134 136 138 140 142 144 146 148 150 152 154 156 158 164 166 168 170 172 174 178 180 182 184 186 188 194 196 198 200 202 204 206 208 210 212 214 216 218 226 228 230 232 234 236 238 240 242 244 246 256 258 260 262 264 266 268 270 272 274 276 288 290 292 294 296 298 300 302 304 318 320 322 324 326 328 330 348 350 352 
177 77 79 81 83 85 87 89 91 93 95 97 107 109 111 113 115 117 119 121 123 125 127 135 137 139 141 143 145 147 149 151 153 155 157 159 165 167 169 171 173 175 179 181 183 185 187 189 195 197 199 201 203 205 207 209 211 213 215 217 219 227 229 231 233 235 237 239 241 243 245 247 257 259 261 263 265 267 269 271 273 275 277 289 291 293 295 297 299 301 303 305 319 321 323 325 327 329 331 349 351 353 
178 78 80 82 84 86 88 90 92 94 96 98 108 110 112 114 116 118 120 122 124 126 128 136 138 140 142 144 146 148 150 152 154 156 158 160 166 168 170 172 174 176 180 182 184 186 188 190 196 198 200 202 204 206 208 210 212 214 216 218 220 228 230 232 234 236 238 240 242 244 246 248 258 260 262 264 266 268 270 272 274 276 278 290 292 294 296 298 300 302 304 306 320 322 324 326 328 330 332 350 352 354 
179 79 81 83 85 87 89 91 93 95 97 99 109 111 113 115 117 119 121 123 125 127 129 137 139 141 143 145 147 149 151 153 155 157 159 161 167 169 171 173 175 177 181 183 185 187 189 191 197 199 201 203 205 207 209 211 213 215 217 219 221 229 231 233 235 237 239 241 243 245 247 249 259 261 263 265 267 269 271 273 275 277 279 291 293 295 297 299 301 303 305 307 321 323 325 327 329 331 333 351 353 355 
180 80 82 84 86 88 90 92 94 96 98 100 110 112 114 116 118 120 122 124 126 128 130 138 140 142 144 146 148 150 152 154 156 158 160 162 168 170 172 174 176 178 182 184 186 188 190 192 198 200 202 204 206 208 210 212 214 216 218 220 222 230 232 234 236 238 240 242 244 246 248 250 260 262 264 266 268 270 272 274 276 278 280 292 294 296 298 300 302 304 306 308 322 324 326 328 330 332 334 352 354 356 
181 81 83 85 87 89 91 93 95 97 99 101 111 113 115 117 119 121 123 125 127 129 131 139 141 143 145 147 149 151 153 155 157 159 161 169 171 173 175 177 179 183 185 187 189 191 199 201 203 205 207 209 211 213 215 217 219 221 231 233 235 237 239 241 243 245 247 249 251 261 263 265 267 269 271 273 275 277 279 281 293 295 297 299 301 303 305 307 309 323 325 327 329 331 333 353 355 357 
182 82 84 86 88 90 92 94 96 98 100 102 112 114 116 118 120 122 124 126 128 130 132 140 142 144 146 148 150 152 154 156 158 160 162 170 172 174 176 178 180 184 186 188 190 192 200 202 204 206 208 210 212 214 216 218 220 222 232 234 236 238 240 242 244 246 248 250 252 262 264 266 268 270 272 274 276 278 280 282 294 296 298 300 302 304 306 308 310 324 326 328 330 332 334 354 356 358 
183 83 85 87 89 91 93 95 97 99 101 113 115 117 119 121 123 125 127 129 131 141 143 145 147 149 151 153 155 157 159 161 171 173 175 177 179 181 185 187 189 191 201 203 205 207 209 211 213 215 217 219 221 233 235 237 239 241 243 245 247 249 251 263 265 267 269 271 273 275 277 279 281 295 297 299 301 303 305 307 309 311 325 327 329 331 333 335 355 357 
184 84 86 88 90 92 94 96 98 100 102 114 116 118 120 122 124 126 128 130 132 142 144 146 148 150 152 154 156 158 160 162 172 174 176 178 180 182 186 188 190 192 202 204 206 208 210 212 214 216 218 220 222 234 236 238 240 242 244 246 248 250 252 264 266 268 270 272 274 276 278 280 282 296 298 300 302 304 306 308 310 312 326 328 330 332 334 336 356 358 
185 85 87 89 91 93 95 97 99 101 115 117 119 121 123 125 127 129 131 143 145 147 149 151 153 155 157 159 161 173 175 177 179 181 183 187 189 191 203 205 207 209 211 213 215 217 219 221 235 237 239 241 243 245 247 249 251 265 267 269 271 273 275 277 279 281 297 299 301 303 305 307 309 311 327 329 331 333 335 357 359 
186 86 88 90 92 94 96 98 100 102 116 118 120 122 124 126 128 130 132 144 146 148 150 152 154 156 158 160 162 174 176 178 180 182 184 188 190 192 204 206 208 210 212 214 216 218 220 222 236 238 240 242 244 246 248 250 252 266 268 270 272 274 276 278 280 282 298 300 302 304 306 308 310 312 328 330 332 334 336 358 360 
187 87 89 91 93 95 97 99 101 117 119 121 123 125 127 129 131 145 147 149 151 153 155 157 159 161 175 177 179 181 183 185 189 191 205 207 209 211 213 215 217 219 221 237 239 241 243 245 247 249 251 267 269 271 273 275 277 279 281 299 301 303 305 307 309 311 329 331 333 335 
188 88 90 92 94 96 98 100 102 118 120 122 124 126 128 130 132 146 148 150 152 154 156 158 160 162 176 178 180 182 184 186 190 192 206 208 210 212 214 216 218 220 222 238 240 242 244 246 248 250 252 268 270 272 274 276 278 280 282 300 302 304 306 308 310 312 330 332 334 336 
189 89 91 93 95 97 99 101 119 121 123 125 127 129 131 147 149 151 153 155 157 159 161 177 179 181 183 185 187 191 207 209 211 213 215 217 219 221 239 241 243 245 247 249 251 269 271 273 275 277 279 281 301 303 305 307 309 311 331 333 335 
190 90 92 94 96 98 100 102 120 122 124 126 128 130 132 148 150 152 154 156 158 160 162 178 180 182 184 186 188 192 208 210 212 214 216 218 220 222 240 242 244 246 248 250 252 270 272 274 276 278 280 282 302 304 306 308 310 312 332 334 336 
191 91 93 95 97 99 101 121 123 125 127 129 131 149 151 153 155 157 159 161 179 181 183 185 187 189 209 211 213 215 217 219 221 241 243 245 247 249 251 271 273 275 277 279 281 303 305 307 309 311 333 335 
192 92 94 96 98 100 102 122 124 126 128 130 132 150 152 154 156 158 160 162 180 182 184 186 188 190 210 212 214 216 218 220 222 242 244 246 248 250 252 272 274 276 278 280 282 304 306 308 310 312 334 336 
193 7 8 9 15 16 17 18 24 25 26 27 33 34 35 36 42 43 44 45 51 52 53 54 60 61 62 63 69 70 71 72 73 75 77 79 81 103 105 107 109 111 113 133 135 137 139 141 143 163 165 167 169 171 173 175 195 197 199 201 203 205 223 225 227 229 231 233 235 253 255 257 259 261 263 283 285 287 289 291 293 313 315 317 319 341 343 
194 1 2 3 10 11 12 13 19 20 21 22 28 29 30 31 37 38 39 40 46 47 48 49 55 56 57 58 64 65 66 67 74 76 78 80 82 104 106 108 110 112 114 134 136 138 140 142 144 164 166 168 170 172 174 176 196 198 200 202 204 206 224 226 228 230 232 234 236 254 256 258 260 262 264 284 286 288 290 292 294 314 316 318 320 342 344 
195 7 8 9 15 16 17 18 24 25 26 27 33 34 35 36 42 43 44 45 51 52 53 54 60 61 62 63 69 70 71 72 73 75 77 79 81 83 103 105 107 109 111 113 115 133 135 137 139 141 143 145 163 165 167 169 171 173 175 177 193 197 199 201 203 205 207 223 225 227 229 231 233 235 237 253 255 257 259 261 263 265 283 285 287 289 291 293 295 313 315 317 319 321 341 343 345 
196 1 2 3 10 11 12 13 19 20 21 22 28 29 30 31 37 38 39 40 46 47 48 49 55 56 57 58 64 65 66 67 74 76 78 80 82 84 104 106 108 110 112 114 116 134 136 138 140 142 144 146 164 166 168 170 172 174 176 178 194 198 200 202 204 206 208 224 226 228 230 232 234 236 238 254 256 258 260 262 264 266 284 286 288 290 292 294 296 314 316 318 320 322 342 344 346 
197 7 8 9 15 16 17 18 24 25 26 27 33 34 35 36 42 43 44 45 51 52 53 54 60 61 62 63 69 70 71 72 73 75 77 79 81 83 85 103 105 107 109 111 113 115 117 133 135 137 139 141 143 145 147 163 165 167 169 171 173 175 177 179 193 195 199 201 203 205 207 209 223 225 227 229 231 233 235 237 239 253 255 257 259 261 263 265 267 283 285 287 289 291 293 295 297 313 315 317 319 321 323 341 343 345 347 367 369 
198 1 2 3 10 11 12 13 19 20 21 22 28 29 30 31 37 38 39 40 46 47 48 49 55 56 57 58 64 65 66 67 74 76 78 80 82 84 86 104 106 108 110 112 114 116 118 134 136 138 140 142 144 146 148 164 166 168 170 172 174 176 178 180 194 196 200 202 204 206 208 210 224 226 228 230 232 234 236 238 240 254 256 258 260 262 264 266 268 284 286 288 290 292 294 296 298 314 316 318 320 322 324 342 344 346 348 368 370 
199 8 9 16 17 18 24 25 26 27 33 34 35 36 42 43 44 45 51 52 53 54 60 61 62 63 70 71 72 73 75 77 79 81 83 85 87 103 105 107 109 111 113 115 117 119 133 135 137 139 141 143 145 147 149 163 165 167 169 171 173 175 177 179 181 193 195 197 201 203 205 207 209 211 223 225 227 229 231 233 235 237 239 241 253 255 257 259 261 263 265 267 269 283 285 287 289 291 293 295 297 299 315 317 319 321 323 325 341 343 345 347 349 369 371 
200 1 2 10 11 12 19 20 21 22 28 29 30 31 37 38 39 40 46 47 48 49 55 56 57 58 64 65 66 74 76 78 80 82 84 86 88 104 106 108 110 112 114 116 118 120 134 136 138 140 142 144 146 148 150 164 166 168 170 172 174 176 178 180 182 194 196 198 202 204 206 208 210 212 224 226 228 230 232 234 236 238 240 242 254 256 258 260 262 264 266 268 270 284 286 288 290 292 294 296 298 300 316 318 320 322 324 326 342 344 346 348 350 370 372 
201 8 9 16 17 18 25 26 27 34 35 36 42 43 44 45 52 53 54 61 62 63 70 71 72 73 75 77 79 81 83 85 87 89 103 105 107 109 111 113 115 117 119 121 133 135 137 139 141 143 145 147 149 151 163 165 167 169 171 173 175 177 179 181 183 193 195 197 199 203 205 207 209 211 213 223 225 227 229 231 233 235 237 239 241 243 253 255 257 259 261 263 265 267 269 271 283 285 287 289 291 293 295 297 299 301 315 317 319 321 323 325 327 341 343 345 347 349 351 369 371 373 
202 1 2 10 11 12 19 20 21 28 29 30 37 38 39 40 46 47 48 55 56 57 64 65 66 74 76 78 80 82 84 86 88 90 104 106 108 110 112 114 116 118 120 122 134 136 138 140 142 144 146 148 150 152 164 166 168 170 172 174 176 178 180 182 184 194 196 198 200 204 206 208 210 212 214 224 226 228 230 232 234 236 238 240 242 244 254 256 258 260 262 264 266 268 270 272 284 286 288 290 292 294 296 298 300 302 316 318 320 322 324 326 328 342 344 346 348 350 352 370 372 374 
203 17 18 26 27 34 35 36 43 44 45 52 53 54 62 63 71 72 75 77 79 81 83 85 87 89 91 103 105 107 109 111 113 115 117 119 121 123 133 135 137 139 141 143 145 147 149 151 153 163 165 167 169 171 173 175 177 179 181 183 185 193 195 197 199 201 205 207 209 211 213 215 223 225 227 229 231 233 235 237 239 241 243 245 253 255 257 259 261 263 265 267 269 271 273 283 285 287 289 291 293 295 297 299 301 303 315 317 319 321 323 325 327 329 343 345 347 349 351 353 371 373 375 
204 10 11 19 20 28 29 30 37 38 39 46 47 48 55 56 64 65 76 78 80 82 84 86 88 90 92 104 106 108 110 112 114 116 118 120 122 124 134 136 138 140 142 144 146 148 150 152 154 164 166 168 170 172 174 176 178 180 182 184 186 194 196 198 200 202 206 208 210 212 214 216 224 226 228 230 232 234 236 238 240 242 244 246 254 256 258 260 262 264 266 268 270 272 274 284 286 288 290 292 294 296 298 300 302 304 316 318 320 322 324 326 328 330 344 346 348 350 352 354 372 374 376 
205 27 36 44 45 54 63 77 79 81 83 85 87 89 91 93 105 107 109 111 113 115 117 119 121 123 125 135 137 139 141 143 145 147 149 151 153 155 163 165 167 169 171 173 175 177 179 181 183 185 187 193 195 197 199 201 203 207 209 211 213 215 217 223 225 227 229 231 233 235 237 239 241 243 245 247 255 257 259 261 263 265 267 269 271 273 275 285 287 289 291 293 295 297 299 301 303 305 315 317 319 321 323 325 327 329 331 343 345 347 349 351 353 355 373 375 377 
206 19 28 37 38 46 55 78 80 82 84 86 88 90 92 94 106 108 110 112 114 116 118 120 122 124 126 136 138 140 142 144 146 148 150 152 154 156 164 166 168 170 172 174 176 178 180 182 184 186 188 194 196 198 200 202 204 208 210 212 214 216 218 224 226 228 230 232 234 236 238 240 242 244 246 248 256 258 260 262 264 266 268 270 272 274 276 286 288 290 292 294 296 298 300 302 304 306 316 318 320 322 324 326 328 330 332 344 346 348 350 352 354 356 374 376 378 
207 79 81 83 85 87 89 91 93 95 107 109 111 113 115 117 119 121 123 125 127 137 139 141 143 145 147 149 151 153 155 157 165 167 169 171 173 175 177 179 181 183 185 187 189 195 197 199 201 203 205 209 211 213 215 217 219 225 227 229 231 233 235 237 239 241 243 245 247 249 257 259 261 263 265 267 269 271 273 275 277 287 289 291 293 295 297 299 301 303 305 307 317 319 321 323 325 327 329 331 333 345 347 349 351 353 355 357 375 377 379 
208 80 82 84 86 88 90 92 94 96 108 110 112 114 116 118 120 122 124 126 128 138 140 142 144 146 148 150 152 154 156 158 166 168 170 172 174 176 178 180 182 184 186 188 190 196 198 200 202 204 206 210 212 214 216 218 220 226 228 230 232 234 236 238 240 242 244 246 248 250 258 260 262 264 266 268 270 272 274 276 278 288 290 292 294 296 298 300 302 304 306 308 318 320 322 324 326 328 330 332 334 346 348 350 352 354 356 358 376 378 380 
209 81 83 85 87 89 91 93 95 97 109 111 113 115 117 119 121 123 125 127 129 139 141 143 145 147 149 151 153 155 157 159 167 169 171 173 175 177 179 181 183 185 187 189 191 197 199 201 203 205 207 211 213 215 217 219 221 227 229 231 233 235 237 239 241 243 245 247 249 251 259 261 263 265 267 269 271 273 275 277 279 289 291 293 295 297 299 301 303 305 307 309 319 321 323 325 327 329 331 333 335 347 349 351 353 355 357 359 377 379 381 
210 82 84 86 88 90 92 94 96 98 110 112 114 116 118 120 122 124 126 128 130 140 142 144 146 148 150 152 154 156 158 160 168 170 172 174 176 178 180 182 184 186 188 190 192 198 200 202 204 206 208 212 214 216 218 220 222 228 230 232 234 236 238 240 242 244 246 248 250 252 260 262 264 266 268 270 272 274 276 278 280 290 292 294 296 298 300 302 304 306 308 310 320 322 324 326 328 330 332 334 336 348 350 352 354 356 358 360 378 380 382 
211 83 85 87 89 91 93 95 97 99 111 113 115 117 119 121 123 125 127 129 131 141 143 145 147 149 151 153 155 157 159 161 169 171 173 175 177 179 181 183 185 187 189 191 199 201 203 205 207 209 213 215 217 219 221 229 231 233 235 237 239 241 243 245 247 249 251 261 263 265 267 269 271 273 275 277 279 281 291 293 295 297 299 301 303 305 307 309 311 321 323 325 327 329 331 333 335 349 351 353 355 357 359 379 381 383 
212 84 86 88 90 92 94 96 98 100 112 114 116 118 120 122 124 126 128 130 132 142 144 146 148 150 152 154 156 158 160 162 170 172 174 176 178 180 182 184 186 188 190 192 200 202 204 206 208 210 214 216 218 220 222 230 232 234 236 238 240 242 244 246 248 250 252 262 264 266 268 270 272 274 276 278 280 282 292 294 296 298 300 302 304 306 308 310 312 322 324 326 328 330 332 334 336 350 352 354 356 358 360 380 382 384 
213 85 87 89 91 93 95 97 99 101 113 115 117 119 121 123 125 127 129 131 143 145 147 149 151 153 155 157 159 161 171 173 175 177 179 181 183 185 187 189 191 201 203 205 207 209 211 215 217 219 221 231 233 235 237 239 241 243 245 247 249 251 263 265 267 269 271 273 275 277 279 281 293 295 297 299 301 303 305 307 309 311 323 325 327 329 331 333 335 351 353 355 357 359 361 381 383 385 
214 86 88 90 92 94 96 98 100 102 114 116 118 120 122 124 126 128 130 132 144 146 148 150 152 154 156 158 160 162 172 174 176 178 180 182 184 186 188 190 192 202 204 206 208 210 212 216 218 220 222 232 234 236 238 240 242 244 246 248 250 252 264 266 268 270 272 274 276 278 280 282 294 296 298 300 302 304 306 308 310 312 324 326 328 330 332 334 336 352 354 356 358 360 362 382 384 386 
215 87 89 91 93 95 97 99 101 115 117 119 121 123 125 127 129 131 145 147 149 151 153 155 157 159 161 173 175 177 179 181 183 185 187 189 191 203 205 207 209 211 213 217 219 221 233 235 237 239 241 243 245 247 249 251 265 267 269 271 273 275 277 279 281 295 297 299 301 303 305 307 309 311 325 327 329 331 333 335 353 355 357 359 361 383 385 
216 88 90 92 94 96 98 100 102 116 118 120 122 124 126 128 130 132 146 148 150 152 154 156 158 160 162 174 176 178 180 182 184 186 188 190 192 204 206 208 210 212 214 218 220 222 234 236 238 240 242 244 246 248 250 252 266 268 270 272 274 276 278 280 282 296 298 300 302 304 306 308 310 312 326 328 330 332 334 336 354 356 358 360 362 384 386 
217 89 91 93 95 97 99 101 117 119 121 123 125 127 129 131 147 149 151 153 155 157 159 161 175 177 179 181 183 185 187 189 191 205 207 209 211 213 215 219 221 235 237 239 241 243 245 247 249 251 267 269 271 273 275 277 279 281 297 299 301 303 305 307 309 311 327 329 331 333 335 337 355 357 359 361 385 387 
218 90 92 94 96 98 100 102 118 120 122 124 126 128 130 132 148 150 152 154 156 158 160 162 176 178 180 182 184 186 188 190 192 206 208 210 212 214 216 220 222 236 238 240 242 244 246 248 250 252 268 270 272 274 276 278 280 282 298 300 302 304 306 308 310 312 328 330 332 334 336 338 356 358 360 362 386 388 
219 91 93 95 97 99 101 119 121 123 125 127 129 131 149 151 153 155 157 159 161 177 179 181 183 185 187 189 191 207 209 211 213 215 217 221 237 239 241 243 245 247 249 251 269 271 273 275 277 279 281 299 301 303 305 307 309 311 329 331 333 335 337 357 359 361 
220 92 94 96 98 100 102 120 122 124 126 128 130 132 150 152 154 156 158 160 162 178 180 182 184 186 188 190 192 208 210 212 214 216 218 222 238 240 242 244 246 248 250 252 270 272 274 276 278 280 282 300 302 304 306 308 310 312 330 332 334 336 338 358 360 362 
221 93 95 97 99 101 121 123 125 127 129 131 151 153 155 157 159 161 179 181 183 185 187 189 191 209 211 213 215 217 219 239 241 243 245 247 249 251 271 273 275 277 279 281 301 303 305 307 309 311 331 333 335 337 359 361 
222 94 96 98 100 102 122 124 126 128 130 132 152 154 156 158 160 162 180 182 184 186 188 190 192 210 212 214 216 218 220 240 242 244 246 248 250 252 272 274 276 278 280 282 302 304 306 308 310 312 332 334 336 338 360 362 
223 8 9 16 17 18 24 25 26 27 33 34 35 36 42 43 44 45 51 52 53 54 60 61 62 63 69 70 71 72 73 75 77 79 103 105 107 109 111 133 135 137 139 141 143 163 165 167 169 171 173 193 195 197 199 201 203 205 225 227 229 231 233 235 253 255 257 259 261 263 265 283 285 287 289 291 293 313 315 317 319 321 339 341 343 345 365 367 369 
224 1 2 10 11 12 19 20 21 22 28 29 30 31 37 38 39 40 46 47 48 49 55 56 57 58 64 65 66 67 74 76 78 80 104 106 108 110 112 134 136 138 140 142 144 164 166 168 170 172 174 194 196 198 200 202 204 206 226 228 230 232 234 236 254 256 258 260 262 264 266 284 286 288 290 292 294 314 316 318 320 322 340 342 344 346 366 368 370 
225 8 9 16 17 18 24 25 26 27 33 34 35 36 42 43 44 45 51 52 53 54 60 61 62 63 69 70 71 72 73 75 77 79 81 103 105 107 109 111 113 133 135 137 139 141 143 145 163 165 167 169 171 173 175 193 195 197 199 201 203 205 207 223 227 229 231 233 235 237 253 255 257 259 261 263 265 267 283 285 287 289 291 293 295 313 315 317 319 321 323 339 341 343 345 347 365 367 369 371 395 
226 1 2 10 11 12 19 20 21 22 28 29 30 31 37 38 39 40 46 47 48 49 55 56 57 58 64 65 66 67 74 76 78 80 82 104 106 108 110 112 114 134 136 138 140 142 144 146 164 166 168 170 172 174 176 194 196 198 200 202 204 206 208 224 228 230 232 234 236 238 254 256 258 260 262 264 266 268 284 286 288 290 292 294 296 314 316 318 320 322 324 340 342 344 346 348 366 368 370 372 396 
227 8 9 16 17 18 24 25 26 27 33 34 35 36 42 43 44 45 51 52 53 54 60 61 62 63 69 70 71 72 73 75 77 79 81 83 103 105 107 109 111 113 115 133 135 137 139 141 143 145 147 163 165 167 169 171 173 175 177 193 195 197 199 201 203 205 207 209 223 225 229 231 233 235 237 239 253 255 257 259 261 263 265 267 269 283 285 287 289 291 293 295 297 313 315 317 319 321 323 325 339 341 343 345 347 349 365 367 369 371 373 395 397 
228 1 2 10 11 12 19 20 21 22 28 29 30 31 37 38 39 40 46 47 48 49 55 56 57 58 64 65 66 67 74 76 78 80 82 84 104 106 108 110 112 114 116 134 136 138 140 142 144 146 148 164 166 168 170 172 174 176 178 194 196 198 200 202 204 206 208 210 224 226 230 232 234 236 238 240 254 256 258 260 262 264 266 268 270 284 286 288 290 292 294 296 298 314 316 318 320 322 324 326 340 342 344 346 348 350 366 368 370 372 374 396 398 
229 9 17 18 25 26 27 33 34 35 36 42 43 44 45 51 52 53 54 60 61 62 63 69 70 71 72 73 75 77 79 81 83 85 103 105 107 109 111 113 115 117 133 135 137 139 141 143 145 147 149 163 165 167 169 171 173 175 177 179 193 195 197 199 201 203 205 207 209 211 223 225 227 231 233 235 237 239 241 253 255 257 259 261 263 265 267 269 271 283 285 287 289 291 293 295 297 299 313 315 317 319 321 323 325 327 341 343 345 347 349 351 365 367 369 371 373 375 395 397 399 
230 1 10 11 19 20 21 28 29 30 31 37 38 39 40 46 47 48 49 55 56 57 58 64 65 66 67 74 76 78 80 82 84 86 104 106 108 110 112 114 116 118 134 136 138 140 142 144 146 148 150 164 166 168 170 172 174 176 178 180 194 196 198 200 202 204 206 208 210 212 224 226 228 232 234 236 238 240 242 254 256 258 260 262 264 266 268 270 272 284 286 288 290 292 294 296 298 300 314 316 318 320 322 324 326 328 342 344 346 348 350 352 366 368 370 372 374 376 396 398 400 
231 17 18 25 26 27 34 35 36 43 44 45 51 52 53 54 61 62 63 70 71 72 75 77 79 81 83 85 87 103 105 107 109 111 113 115 117 119 133 135 137 139 141 143 145 147 149 151 163 165 167 169 171 173 175 177 179 181 193 195 197 199 201 203 205 207 209 211 213 223 225 227 229 233 235 237 239 241 243 253 255 257 259 261 263 265 267 269 271 273 283 285 287 289 291 293 295 297 299 301 313 315 317 319 321 323 325 327 329 341 343 345 347 349 351 353 367 369 371 373 375 377 397 399 401 
232 10 11 19 20 21 28 29 30 37 38 39 46 47 48 49 55 56 57 64 65 66 76 78 80 82 84 86 88 104 106 108 110 112 114 116 118 120 134 136 138 140 142 144 146 148 150 152 164 166 168 170 172 174 176 178 180 182 194 196 198 200 202 204 206 208 210 212 214 224 226 228 230 234 236 238 240 242 244 254 256 258 260 262 264 266 268 270 272 274 284 286 288 290 292 294 296 298 300 302 314 316 318 320 322 324 326 328 330 342 344 346 348 350 352 354 368 370 372 374 376 378 398 400 402 
233 26 27 35 36 43 44 45 52 53 54 61 62 63 71 72 77 79 81 83 85 87 89 105 107 109 111 113 115 117 119 121 133 135 137 139 141 143 145 147 149 151 153 163 165 167 169 171 173 175 177 179 181 183 193 195 197 199 201 203 205 207 209 211 213 215 223 225 227 229 231 235 237 239 241 243 245 253 255 257 259 261 263 265 267 269 271 273 275 283 285 287 289 291 293 295 297 299 301 303 315 317 319 321 323 325 327 329 331 341 343 345 347 349 351 353 355 367 369 371 373 375 377 379 399 401 403 
234 19 20 28 29 37 38 39 46 47 48 55 56 57 64 65 78 80 82 84 86 88 90 106 108 110 112 114 116 118 120 122 134 136 138 140 142 144 146 148 150 152 154 164 166 168 170 172 174 176 178 180 182 184 194 196 198 200 202 204 206 208 210 212 214 216 224 226 228 230 232 236 238 240 242 244 246 254 256 258 260 262 264 266 268 270 272 274 276 284 286 288 290 292 294 296 298 300 302 304 316 318 320 322 324 326 328 330 332 342 344 346 348 350 352 354 356 368 370 372 374 376 378 380 400 402 404 
235 36 45 53 54 63 72 79 81 83 85 87 89 91 107 109 111 113 115 117 119 121 123 135 137 139 141 143 145 147 149 151 153 155 165 167 169 171 173 175 177 179 181 183 185 193 195 197 199 201 203 205 207 209 211 213 215 217 223 225 227 229 231 233 237 239 241 243 245 247 253 255 257 259 261 263 265 267 269 271 273 275 277 285 287 289 291 293 295 297 299 301 303 305 315 317 319 321 323 325 327 329 331 333 341 343 345 347 349 351 353 355 357 369 371 373 375 377 379 381 401 403 405 
236 28 37 46 47 55 64 80 82 84 86 88 90 92 108 110 112 114 116 118 120 122 124 136 138 140 142 144 146 148 150 152 154 156 166 168 170 172 174 176 178 180 182 184 186 194 196 198 200 202 204 206 208 210 212 214 216 218 224 226 228 230 232 234 238 240 242 244 246 248 254 256 258 260 262 264 266 268 270 272 274 276 278 286 288 290 292 294 296 298 300 302 304 306 316 318 320 322 324 326 328 330 332 334 342 344 346 348 350 352 354 356 358 370 372 374 376 378 380 382 402 404 406 
237 81 83 85 87 89 91 93 109 111 113 115 117 119 121 123 125 137 139 141 143 145 147 149 151 153 155 157 167 169 171 173 175 177 179 181 183 185 187 195 197 199 201 203 205 207 209 211 213 215 217 219 225 227 229 231 233 235 239 241 243 245 247 249 255 257 259 261 263 265 267 269 271 273 275 277 279 287 289 291 293 295 297 299 301 303 305 307 317 319 321 323 325 327 329 331 333 343 345 347 349 351 353 355 357 359 371 373 375 377 379 381 383 403 405 407 
238 82 84 86 88 90 92 94 110 112 114 116 118 120 122 124 126 138 140 142 144 146 148 150 152 154 156 158 168 170 172 174 176 178 180 182 184 186 188 196 198 200 202 204 206 208 210 212 214 216 218 220 226 228 230 232 234 236 240 242 244 246 248 250 256 258 260 262 264 266 268 270 272 274 276 278 280 288 290 292 294 296 298 300 302 304 306 308 318 320 322 324 326 328 330 332 334 344 346 348 350 352 354 356 358 360 372 374 376 378 380 382 384 404 406 408 
239 83 85 87 89 91 93 95 111 113 115 117 119 121 123 125 127 139 141 143 145 147 149 151 153 155 157 159 169 171 173 175 177 179 181 183 185 187 189 197 199 201 203 205 207 209 211 213 215 217 219 221 227 229 231 233 235 237 241 243 245 247 249 251 257 259 261 263 265 267 269 271 273 275 277 279 281 289 291 293 295 297 299 301 303 305 307 309 317 319 321 323 325 327 329 331 333 335 345 347 349 351 353 355 357 359 361 373 375 377 379 381 383 385 405 407 409 
240 84 86 88 90 92 94 96 112 114 116 118 120 122 124 126 128 140 142 144 146 148 150 152 154 156 158 160 170 172 174 176 178 180 182 184 186 188 190 198 200 202 204 206 208 210 212 214 216 218 220 222 228 230 232 234 236 238 242 244 246 248 250 252 258 260 262 264 266 268 270 272 274 276 278 280 282 290 292 294 296 298 300 302 304 306 308 310 318 320 322 324 326 328 330 332 334 336 346 348 350 352 354 356 358 360 362 374 376 378 380 382 384 386 406 408 410 
241 85 87 89 91 93 95 97 113 115 117 119 121 123 125 127 129 141 143 145 147 149 151 153 155 157 159 161 171 173 175 177 179 181 183 185 187 189 191 199 201 203 205 207 209 211 213 215 217 219 221 229 231 233 235 237 239 243 245 247 249 251 259 261 263 265 267 269 271 273 275 277 279 281 291 293 295 297 299 301 303 305 307 309 311 319 321 323 325 327 329 331 333 335 347 349 351 353 355 357 359 361 375 377 379 381 383 385 387 407 409 411 
242 86 88 90 92 94 96 98 114 116 118 120 122 124 126 128 130 142 144 146 148 150 152 154 156 158 160 162 172 174 176 178 180 182 184 186 188 190 192 200 202 204 206 208 210 212 214 216 218 220 222 230 232 234 236 238 240 244 246 248 250 252 260 262 264 266 268 270 272 274 276 278 280 282 292 294 296 298 300 302 304 306 308 310 312 320 322 324 326 328 330 332 334 336 348 350 352 354 356 358 360 362 376 378 380 382 384 386 388 408 410 412 
243 87 89 91 93 95 97 99 115 117 119 121 123 125 127 129 131 143 145 147 149 151 153 155 157 159 161 173 175 177 179 181 183 185 187 189 191 201 203 205 207 209 211 213 215 217 219 221 231 233 235 237 239 241 245 247 249 251 261 263 265 267 269 271 273 275 277 279 281 293 295 297 299 301 303 305 307 309 311 321 323 325 327 329 331 333 335 337 349 351 353 355 357 359 361 377 379 381 383 385 387 409 411 413 
244 88 90 92 94 96 98 100 116 118 120 122 124 126 128 130 132 144 146 148 150 152 154 156 158 160 162 174 176 178 180 182 184 186 188 190 192 202 204 206 208 210 212 214 216 218 220 222 232 234 236 238 240 242 246 248 250 252 262 264 266 268 270 272 274 276 278 280 282 294 296 298 300 302 304 306 308 310 312 322 324 326 328 330 332 334 336 338 350 352 354 356 358 360 362 378 380 382 384 386 388 410 412 414 
245 89 91 93 95 97 99 101 117 119 121 123 125 127 129 131 145 147 149 151 153 155 157 159 161 175 177 179 181 183 185 187 189 191 203 205 207 209 211 213 215 217 219 221 233 235 237 239 241 243 247 249 251 263 265 267 269 271 273 275 277 279 281 295 297 299 301 303 305 307 309 311 323 325 327 329 331 333 335 337 351 353 355 357 359 361 379 381 383 385 387 389 411 413 415 
246 90 92 94 96 98 100 102 118 120 122 124 126 128 130 132 146 148 150 152 154 156 158 160 162 176 178 180 182 184 186 188 190 192 204 206 208 210 212 214 216 218 220 222 234 236 238 240 242 244 248 250 252 264 266 268 270 272 274 276 278 280 282 296 298 300 302 304 306 308 310 312 324 326 328 330 332 334 336 338 352 354 356 358 360 362 380 382 384 386 388 390 412 414 416 
247 91 93 95 97 99 101 119 121 123 125 127 129 131 147 149 151 153 155 157 159 161 177 179 181 183 185 187 189 191 205 207 209 211 213 215 217 219 221 235 237 239 241 243 245 249 251 265 267 269 271 273 275 277 279 281 297 299 301 303 305 307 309 311 325 327 329 331 333 335 337 353 355 357 359 361 363 381 383 385 387 389 413 415 
248 92 94 96 98 100 102 120 122 124 126 128 130 132 148 150 152 154 156 158 160 162 178 180 182 184 186 188 190 192 206 208 210 212 214 216 218 220 222 236 238 240 242 244 246 250 252 266 268 270 272 274 276 278 280 282 298 300 302 304 306 308 310 312 326 328 330 332 334 336 338 354 356 358 360 362 364 382 384 386 388 390 414 416 
249 93 95 97 99 101 121 123 125 127 129 131 149 151 153 155 157 159 161 179 181 183 185 187 189 191 207 209 211 213 215 217 219 221 237 239 241 243 245 247 251 267 269 271 273 275 277 279 281 299 301 303 305 307 309 311 327 329 331 333 335 337 355 357 359 361 363 383 385 387 389 415 
250 94 96 98 100 102 122 124 126 128 130 132 150 152 154 156 158 160 162 180 182 184 186 188 190 192 208 210 212 214 216 218 220 222 238 240 242 244 246 248 252 268 270 272 274 276 278 280 282 300 302 304 306 308 310 312 328 330 332 334 336 338 356 358 360 362 364 384 386 388 390 416 
251 95 97 99 101 123 125 127 129 131 151 153 155 157 159 161 181 183 185 187 189 191 209 211 213 215 217 219 221 239 241 243 245 247 249 269 271 273 275 277 279 281 301 303 305 307 309 311 329 331 333 335 337 357 359 361 363 385 387 389 
252 96 98 100 102 124 126 128 130 132 152 154 156 158 160 162 182 184 186 188 190 192 210 212 214 216 218 220 222 240 242 244 246 248 250 270 272 274 276 278 280 282 302 304 306 308 310 312 330 332 334 336 338 358 360 362 364 386 388 390 
253 17 18 25 26 27 33 34 35 36 42 43 44 45 51 52 53 54 60 61 62 63 69 70 71 72 73 75 103 105 107 109 133 135 137 139 141 163 165 167 169 171 173 193 195 197 199 201 203 223 225 227 229 231 233 235 255 257 259 261 263 265 283 285 287 289 291 293 295 313 315 317 319 321 339 341 343 345 347 365 367 369 371 391 393 395 397 423 
254 10 11 19 20 21 28 29 30 31 37 38 39 40 46 47 48 49 55 56 57 58 64 65 66 67 74 76 104 106 108 110 134 136 138 140 142 164 166 168 170 172 174 194 196 198 200 202 204 224 226 228 230 232 234 236 256 258 260 262 264 266 284 286 288 290 292 294 296 314 316 318 320 322 340 342 344 346 348 366 368 370 372 392 394 396 398 424 
255 17 18 25 26 27 33 34 35 36 42 43 44 45 51 52 53 54 60 61 62 63 69 70 71 72 73 75 77 103 105 107 109 111 133 135 137 139 141 143 163 165 167 169 171 173 175 193 195 197 199 201 203 205 223 225 227 229 231 233 235 237 253 257 259 261 263 265 267 283 285 287 289 291 293 295 297 313 315 317 319 321 323 339 341 343 345 347 349 365 367 369 371 373 393 395 397 399 423 425 
256 10 11 19 20 21 28 29 30 31 37 38 39 40 46 47 48 49 55 56 57 58 64 65 66 67 74 76 78 104 106 108 110 112 134 136 138 140 142 144 164 166 168 170 172 174 176 194 196 198 200 202 204 206 224 226 228 230 232 234 236 238 254 258 260 262 264 266 268 284 286 288 290 292 294 296 298 314 316 318 320 322 324 340 342 344 346 348 350 366 368 370 372 374 394 396 398 400 424 426 
257 17 18 25 26 27 33 34 35 36 42 43 44 45 51 52 53 54 60 61 62 63 69 70 71 72 75 77 79 103 105 107 109 111 113 133 135 137 139 141 143 145 163 165 167 169 171 173 175 177 193 195 197 199 201 203 205 207 223 225 227 229 231 233 235 237 239 253 255 259 261 263 265 267 269 283 285 287 289 291 293 295 297 299 313 315 317 319 321 323 325 339 341 343 345 347 349 351 365 367 369 371 373 375 393 395 397 399 401 423 425 427 
258 10 11 19 20 21 28 29 30 31 37 38 39 40 46 47 48 49 55 56 57 58 64 65 66 67 76 78 80 104 106 108 110 112 114 134 136 138 140 142 144 146 164 166 168 170 172 174 176 178 194 196 198 200 202 204 206 208 224 226 228 230 232 234 236 238 240 254 256 260 262 264 266 268 270 284 286 288 290 292 294 296 298 300 314 316 318 320 322 324 326 340 342 344 346 348 350 352 366 368 370 372 374 376 394 396 398 400 402 424 426 428 
259 18 26 27 34 35 36 42 43 44 45 51 52 53 54 60 61 62 63 69 70 71 72 77 79 81 103 105 107 109 111 113 115 133 135 137 139 141 143 145 147 163 165 167 169 171 173 175 177 179 193 195 197 199 201 203 205 207 209 223 225 227 229 231 233 235 237 239 241 253 255 257 261 263 265 267 269 271 283 285 287 289 291 293 295 297 299 301 313 315 317 319 321 323 325 327 339 341 343 345 347 349 351 353 365 367 369 371 373 375 377 393 395 397 399 401 403 425 427 429 
260 10 19 20 28 29 30 37 38 39 40 46 47 48 49 55 56 57 58 64 65 66 67 78 80 82 104 106 108 110 112 114 116 134 136 138 140 142 144 146 148 164 166 168 170 172 174 176 178 180 194 196 198 200 202 204 206 208 210 224 226 228 230 232 234 236 238 240 242 254 256 258 262 264 266 268 270 272 284 286 288 290 292 294 296 298 300 302 314 316 318 320 322 324 326 328 340 342 344 346 348 350 352 354 366 368 370 372 374 376 378 394 396 398 400 402 404 426 428 430 
261 26 27 34 35 36 43 44 45 52 53 54 60 61 62 63 70 71 72 79 81 83 105 107 109 111 113 115 117 133 135 137 139 141 143 145 147 149 163 165 167 169 171 173 175 177 179 181 193 195 197 199 201 203 205 207 209 211 223 225 227 229 231 233 235 237 239 241 243 253 255 257 259 263 265 267 269 271 273 283 285 287 289 291 293 295 297 299 301 303 313 315 317 319 321 323 325 327 329 339 341 343 345 347 349 351 353 355 365 367 369 371 373 375 377 379 393 395 397 399 401 403 405 427 429 
262 19 20 28 29 30 37 38 39 46 47 48 55 56 57 58 64 65 66 80 82 84 106 108 110 112 114 116 118 134 136 138 140 142 144 146 148 150 164 166 168 170 172 174 176 178 180 182 194 196 198 200 202 204 206 208 210 212 224 226 228 230 232 234 236 238 240 242 244 254 256 258 260 264 266 268 270 272 274 284 286 288 290 292 294 296 298 300 302 304 314 316 318 320 322 324 326 328 330 340 342 344 346 348 350 352 354 356 366 368 370 372 374 376 378 380 394 396 398 400 402 404 406 428 430 
263 35 36 44 45 52 53 54 61 62 63 70 71 72 81 83 85 107 109 111 113 115 117 119 135 137 139 141 143 145 147 149 151 163 165 167 169 171 173 175 177 179 181 183 193 195 197 199 201 203 205 207 209 211 213 223 225 227 229 231 233 235 237 239 241 243 245 253 255 257 259 261 265 267 269 271 273 275 283 285 287 289 291 293 295 297 299 301 303 305 315 317 319 321 323 325 327 329 331 341 343 345 347 349 351 353 355 357 367 369 371 373 375 377 379 381 395 397 399 401 403 405 407 429 431 
264 28 29 37 38 46 47 48 55 56 57 64 65 66 82 84 86 108 110 112 114 116 118 120 136 138 140 142 144 146 148 150 152 164 166 168 170 172 174 176 178 180 182 184 194 196 198 200 202 204 206 208 210 212 214 224 226 228 230 232 234 236 238 240 242 244 246 254 256 258 260 262 266 268 270 272 274 276 284 286 288 290 292 294 296 298 300 302 304 306 316 318 320 322 324 326 328 330 332 342 344 346 348 350 352 354 356 358 368 370 372 374 376 378 380 382 396 398 400 402 404 406 408 430 432 
265 45 54 62 63 72 83 85 87 109 111 113 115 117 119 121 137 139 141 143 145 147 149 151 153 165 167 169 171 173 175 177 179 181 183 185 195 197 199 201 203 205 207 209 211 213 215 223 225 227 229 231 233 235 237 239 241 243 245 247 253 255 257 259 261 263 267 269 271 273 275 277 283 285 287 289 291 293 295 297 299 301 303 305 307 315 317 319 321 323 325 327 329 331 333 341 343 345 347 349 351 353 355 357 359 367 369 371 373 375 377 379 381 383 397 399 401 403 405 407 409 433 
266 37 46 55 56 64 84 86 88 110 112 114 116 118 120 122 138 140 142 144 146 148 150 152 154 166 168 170 172 174 176 178 180 182 184 186 196 198 200 202 204 206 208 210 212 214 216 224 226 228 230 232 234 236 238 240 242 244 246 248 254 256 258 260 262 264 268 270 272 274 276 278 284 286 288 290 292 294 296 298 300 302 304 306 308 316 318 320 322 324 326 328 330 332 334 342 344 346 348 350 352 354 356 358 360 368 370 372 374 376 378 380 382 384 398 400 402 404 406 408 410 434 
267 85 87 89 111 113 115 117 119 121 123 139 141 143 145 147 149 151 153 155 167 169 171 173 175 177 179 181 183 185 187 197 199 201 203 205 207 209 211 213 215 217 225 227 229 231 233 235 237 239 241 243 245 247 249 255 257 259 261 263 265 269 271 273 275 277 279 285 287 289 291 293 295 297 299 301 303 305 307 309 315 317 319 321 323 325 327 329 331 333 335 343 345 347 349 351 353 355 357 359 369 371 373 375 377 379 381 383 385 399 401 403 405 407 409 411 
268 86 88 90 112 114 116 118 120 122 124 140 142 144 146 148 150 152 154 156 168 170 172 174 176 178 180 182 184 186 188 198 200 202 204 206 208 210 212 214 216 218 226 228 230 232 234 236 238 240 242 244 246 248 250 256 258 260 262 264 266 270 272 274 276 278 280 286 288 290 292 294 296 298 300 302 304 306 308 310 316 318 320 322 324 326 328 330 332 334 336 344 346 348 350 352 354 356 358 360 370 372 374 376 378 380 382 384 386 400 402 404 406 408 410 412 
269 87 89 91 113 115 117 119 121 123 125 141 143 145 147 149 151 153 155 157 169 171 173 175 177 179 181 183 185 187 189 199 201 203 205 207 209 211 213 215 217 219 227 229 231 233 235 237 239 241 243 245 247 249 251 257 259 261 263 265 267 271 273 275 277 279 281 287 289 291 293 295 297 299 301 303 305 307 309 311 317 319 321 323 325 327 329 331 333 335 343 345 347 349 351 353 355 357 359 361 371 373 375 377 379 381 383 385 387 401 403 405 407 409 411 413 437 
270 88 90 92 114 116 118 120 122 124 126 142 144 146 148 150 152 154 156 158 170 172 174 176 178 180 182 184 186 188 190 200 202 204 206 208 210 212 214 216 218 220 228 230 232 234 236 238 240 242 244 246 248 250 252 258 260 262 264 266 268 272 274 276 278 280 282 288 290 292 294 296 298 300 302 304 306 308 310 312 318 320 322 324 326 328 330 332 334 336 344 346 348 350 352 354 356 358 360 362 372 374 376 378 380 382 384 386 388 402 404 406 408 410 412 414 438 
271 89 91 93 115 117 119 121 123 125 127 143 145 147 149 151 153 155 157 159 171 173 175 177 179 181 183 185 187 189 191 201 203 205 207 209 211 213 215 217 219 221 229 231 233 235 237 239 241 243 245 247 249 251 259 261 263 265 267 269 273 275 277 279 281 289 291 293 295 297 299 301 303 305 307 309 311 319 321 323 325 327 329 331 333 335 345 347 349 351 353 355 357 359 361 373 375 377 379 381 383 385 387 403 405 407 409 411 413 415 439 441 
272 90 92 94 116 118 120 122 124 126 128 144 146 148 150 152 154 156 158 160 172 174 176 178 180 182 184 186 188 190 192 202 204 206 208 210 212 214 216 218 220 222 230 232 234 236 238 240 242 244 246 248 250 252 260 262 264 266 268 270 274 276 278 280 282 290 292 294 296 298 300 302 304 306 308 310 312 320 322 324 326 328 330 332 334 336 346 348 350 352 354 356 358 360 362 374 376 378 380 382 384 386 388 404 406 408 410 412 414 416 440 442 
273 91 93 95 117 119 121 123 125 127 129 145 147 149 151 153 155 157 159 161 173 175 177 179 181 183 185 187 189 191 203 205 207 209 211 213 215 217 219 221 231 233 235 237 239 241 243 245 247 249 251 261 263 265 267 269 271 275 277 279 281 291 293 295 297 299 301 303 305 307 309 311 321 323 325 327 329 331 333 335 337 347 349 351 353 355 357 359 361 363 375 377 379 381 383 385 387 389 405 407 409 411 413 415 417 441 443 
274 92 94 96 118 120 122 124 126 128 130 146 148 150 152 154 156 158 160 162 174 176 178 180 182 184 186 188 190 192 204 206 208 210 212 214 216 218 220 222 232 234 236 238 240 242 244 246 248 250 252 262 264 266 268 270 272 276 278 280 282 292 294 296 298 300 302 304 306 308 310 312 322 324 326 328 330 332 334 336 338 348 350 352 354 356 358 360 362 364 376 378 380 382 384 386 388 390 406 408 410 412 414 416 418 442 444 
275 93 95 97 119 121 123 125 127 129 131 147 149 151 153 155 157 159 161 175 177 179 181 183 185 187 189 191 205 207 209 211 213 215 217 219 221 233 235 237 239 241 243 245 247 249 251 263 265 267 269 271 273 277 279 281 293 295 297 299 301 303 305 307 309 311 323 325 327 329 331 333 335 337 349 351 353 355 357 359 361 363 377 379 381 383 385 387 389 407 409 411 413 415 417 441 443 445 
276 94 96 98 120 122 124 126 128 130 132 148 150 152 154 156 158 160 162 176 178 180 182 184 186 188 190 192 206 208 210 212 214 216 218 220 222 234 236 238 240 242 244 246 248 250 252 264 266 268 270 272 274 278 280 282 294 296 298 300 302 304 306 308 310 312 324 326 328 330 332 334 336 338 350 352 354 356 358 360 362 364 378 380 382 384 386 388 390 408 410 412 414 416 418 442 444 446 
277 95 97 99 121 123 125 127 129 131 149 151 153 155 157 159 161 177 179 181 183 185 187 189 191 207 209 211 213 215 217 219 221 235 237 239 241 243 245 247 249 251 265 267 269 271 273 275 279 281 295 297 299 301 303 305 307 309 311 325 327 329 331 333 335 337 351 353 355 357 359 361 363 379 381 383 385 387 389 409 411 413 415 417 443 445 447 
278 96 98 100 122 124 126 128 130 132 150 152 154 156 158 160 162 178 180 182 184 186 188 190 192 208 210 212 214 216 218 220 222 236 238 240 242 244 246 248 250 252 266 268 270 272 274 276 280 282 296 298 300 302 304 306 308 310 312 326 328 330 332 334 336 338 352 354 356 358 360 362 364 380 382 384 386 388 390 410 412 414 416 418 444 446 448 
279 97 99 101 123 125 127 129 131 151 153 155 157 159 161 179 181 183 185 187 189 191 209 211 213 215 217 219 221 237 239 241 243 245 247 249 251 267 269 271 273 275 277 281 297 299 301 303 305 307 309 311 327 329 331 333 335 337 353 355 357 359 361 363 381 383 385 387 389 411 413 415 417 445 447 
280 98 100 102 124 126 128 130 132 152 154 156 158 160 162 180 182 184 186 188 190 192 210 212 214 216 218 220 222 238 240 242 244 246 248 250 252 268 270 272 274 276 278 282 298 300 302 304 306 308 310 312 328 330 332 334 336 338 354 356 358 360 362 364 382 384 386 388 390 412 414 416 418 446 448 
281 99 101 125 127 129 131 153 155 157 159 161 181 183 185 187 189 191 211 213 215 217 219 221 239 241 243 245 247 249 251 269 271 273 275 277 279 299 301 303 305 307 309 311 329 331 333 335 337 355 357 359 361 363 383 385 387 389 413 415 417 419 447 
282 100 102 126 128 130 132 154 156 158 160 162 182 184 186 188 190 192 212 214 216 218 220 222 240 242 244 246 248 250 252 270 272 274 276 278 280 300 302 304 306 308 310 312 330 332 334 336 338 356 358 360 362 364 384 386 388 390 414 416 418 420 448 
283 26 27 34 35 36 42 43 44 45 51 52 53 54 60 61 62 63 69 70 71 72 103 105 133 135 137 139 163 165 167 169 171 193 195 197 199 201 203 223 225 227 229 231 233 253 255 257 259 261 263 265 285 287 289 291 293 295 313 315 317 319 321 323 339 341 343 345 347 365 367 369 371 373 391 393 395 397 399 421 423 425 427 453 455 
284 19 20 28 29 30 37 38 39 40 46 47 48 49 55 56 57 58 64 65 66 67 104 106 134 136 138 140 164 166 168 170 172 194 196 198 200 202 204 224 226 228 230 232 234 254 256 258 260 262 264 266 286 288 290 292 294 296 314 316 318 320 322 324 340 342 344 346 348 366 368 370 372 374 392 394 396 398 400 422 424 426 428 454 456 
285 26 27 34 35 36 42 43 44 45 51 52 53 54 60 61 62 63 69 70 71 72 103 105 107 133 135 137 139 141 163 165 167 169 171 173 193 195 197 199 201 203 205 223 225 227 229 231 233 235 253 255 257 259 261 263 265 267 283 287 289 291 293 295 297 313 315 317 319 321 323 325 339 341 343 345 347 349 365 367 369 371 373 375 391 393 395 397 399 401 421 423 425 427 429 453 455 457 
286 19 20 28 29 30 37 38 39 40 46 47 48 49 55 56 57 58 64 65 66 67 104 106 108 134 136 138 140 142 164 166 168 170 172 174 194 196 198 200 202 204 206 224 226 228 230 232 234 236 254 256 258 260 262 264 266 268 284 288 290 292 294 296 298 314 316 318 320 322 324 326 340 342 344 346 348 350 366 368 370 372 374 376 392 394 396 398 400 402 422 424 426 428 430 454 456 458 
287 26 27 34 35 36 42 43 44 45 51 52 53 54 60 61 62 63 69 70 71 72 105 107 109 133 135 137 139 141 143 163 165 167 169 171 173 175 193 195 197 199 201 203 205 207 223 225 227 229 231 233 235 237 253 255 257 259 261 263 265 267 269 283 285 289 291 293 295 297 299 313 315 317 319 321 323 325 327 339 341 343 345 347 349 351 365 367 369 371 373 375 377 391 393 395 397 399 401 403 421 423 425 427 429 431 455 457 459 
288 19 20 28 29 30 37 38 39 40 46 47 48 49 55 56 57 58 64 65 66 67 106 108 110 134 136 138 140 142 144 164 166 168 170 172 174 176 194 196 198 200 202 204 206 208 224 226 228 230 232 234 236 238 254 256 258 260 262 264 266 268 270 284 286 290 292 294 296 298 300 314 316 318 320 322 324 326 328 340 342 344 346 348 350 352 366 368 370 372 374 376 378 392 394 396 398 400 402 404 422 424 426 428 430 432 456 458 460 
289 27 35 36 43 44 45 51 52 53 54 60 61 62 63 69 70 71 72 107 109 111 133 135 137 139 141 143 145 163 165 167 169 171 173 175 177 193 195 197 199 201 203 205 207 209 223 225 227 229 231 233 235 237 239 253 255 257 259 261 263 265 267 269 271 283 285 287 291 293 295 297 299 301 313 315 317 319 321 323 325 327 329 339 341 343 345 347 349 351 353 365 367 369 371 373 375 377 379 391 393 395 397 399 401 403 405 423 425 427 429 431 433 457 459 
290 19 28 29 37 38 39 46 47 48 49 55 56 57 58 64 65 66 67 108 110 112 134 136 138 140 142 144 146 164 166 168 170 172 174 176 178 194 196 198 200 202 204 206 208 210 224 226 228 230 232 234 236 238 240 254 256 258 260 262 264 266 268 270 272 284 286 288 292 294 296 298 300 302 314 316 318 320 322 324 326 328 330 340 342 344 346 348 350 352 354 366 368 370 372 374 376 378 380 392 394 396 398 400 402 404 406 424 426 428 430 432 434 458 460 
291 35 36 43 44 45 52 53 54 61 62 63 69 70 71 72 109 111 113 135 137 139 141 143 145 147 163 165 167 169 171 173 175 177 179 193 195 197 199 201 203 205 207 209 211 223 225 227 229 231 233 235 237 239 241 253 255 257 259 261 263 265 267 269 271 273 283 285 287 289 293 295 297 299 301 303 313 315 317 319 321 323 325 327 329 331 339 341 343 345 347 349 351 353 355 365 367 369 371 373 375 377 379 381 393 395 397 399 401 403 405 407 423 425 427 429 431 433 435 459 
292 28 29 37 38 39 46 47 48 55 56 57 64 65 66 67 110 112 114 136 138 140 142 144 146 148 164 166 168 170 172 174 176 178 180 194 196 198 200 202 204 206 208 210 212 224 226 228 230 232 234 236 238 240 242 254 256 258 260 262 264 266 268 270 272 274 284 286 288 290 294 296 298 300 302 304 314 316 318 320 322 324 326 328 330 332 340 342 344 346 348 350 352 354 356 366 368 370 372 374 376 378 380 382 394 396 398 400 402 404 406 408 424 426 428 430 432 434 436 460 
293 44 45 53 54 61 62 63 70 71 72 111 113 115 137 139 141 143 145 147 149 165 167 169 171 173 175 177 179 181 193 195 197 199 201 203 205 207 209 211 213 223 225 227 229 231 233 235 237 239 241 243 253 255 257 259 261 263 265 267 269 271 273 275 283 285 287 289 291 295 297 299 301 303 305 313 315 317 319 321 323 325 327 329 331 341 343 345 347 349 351 353 355 357 365 367 369 371 373 375 377 379 381 383 393 395 397 399 401 403 405 407 409 425 427 429 431 433 435 437 
294 37 38 46 47 55 56 57 64 65 66 112 114 116 138 140 142 144 146 148 150 166 168 170 172 174 176 178 180 182 194 196 198 200 202 204 206 208 210 212 214 224 226 228 230 232 234 236 238 240 242 244 254 256 258 260 262 264 266 268 270 272 274 276 284 286 288 290 292 296 298 300 302 304 306 314 316 318 320 322 324 326 328 330 332 342 344 346 348 350 352 354 356 358 366 368 370 372 374 376 378 380 382 384 394 396 398 400 402 404 406 408 410 426 428 430 432 434 436 438 
295 54 63 71 72 113 115 117 139 141 143 145 147 149 151 167 169 171 173 175 177 179 181 183 195 197 199 201 203 205 207 209 211 213 215 225 227 229 231 233 235 237 239 241 243 245 253 255 257 259 261 263 265 267 269 271 273 275 277 283 285 287 289 291 293 297 299 301 303 305 307 315 317 319 321 323 325 327 329 331 333 341 343 345 347 349 351 353 355 357 359 367 369 371 373 375 377 379 381 383 385 395 397 399 401 403 405 407 409 411 427 429 431 433 435 437 439 
296 46 55 64 65 114 116 118 140 142 144 146 148 150 152 168 170 172 174 176 178 180 182 184 196 198 200 202 204 206 208 210 212 214 216 226 228 230 232 234 236 238 240 242 244 246 254 256 258 260 262 264 266 268 270 272 274 276 278 284 286 288 290 292 294 298 300 302 304 306 308 316 318 320 322 324 326 328 330 332 334 342 344 346 348 350 352 354 356 358 360 368 370 372 374 376 378 380 382 384 386 396 398 400 402 404 406 408 410 412 428 430 432 434 436 438 440 
297 115 117 119 141 143 145 147 149 151 153 169 171 173 175 177 179 181 183 185 197 199 201 203 205 207 209 211 213 215 217 227 229 231 233 235 237 239 241 243 245 247 255 257 259 261 263 265 267 269 271 273 275 277 279 285 287 289 291 293 295 299 301 303 305 307 309 315 317 319 321 323 325 327 329 331 333 335 341 343 345 347 349 351 353 355 357 359 361 367 369 371 373 375 377 379 381 383 385 387 397 399 401 403 405 407 409 411 413 429 431 433 435 437 439 441 
298 116 118 120 142 144 146 148 150 152 154 170 172 174 176 178 180 182 184 186 198 200 202 204 206 208 210 212 214 216 218 228 230 232 234 236 238 240 242 244 246 248 256 258 260 262 264 266 268 270 272 274 276 278 280 286 288 290 292 294 296 300 302 304 306 308 310 316 318 320 322 324 326 328 330 332 334 336 342 344 346 348 350 352 354 356 358 360 362 368 370 372 374 376 378 380 382 384 386 388 398 400 402 404 406 408 410 412 414 430 432 434 436 438 440 442 
299 117 119 121 143 145 147 149 151 153 155 171 173 175 177 179 181 183 185 187 199 201 203 205 207 209 211 213 215 217 219 229 231 233 235 237 239 241 243 245 247 249 257 259 261 263 265 267 269 271 273 275 277 279 281 287 289 291 293 295 297 301 303 305 307 309 311 317 319 321 323 325 327 329 331 333 335 343 345 347 349 351 353 355 357 359 361 369 371 373 375 377 379 381 383 385 387 399 401 403 405 407 409 411 413 415 431 433 435 437 439 441 443 
300 118 120 122 144 146 148 150 152 154 156 172 174 176 178 180 182 184 186 188 200 202 204 206 208 210 212 214 216 218 220 230 232 234 236 238 240 242 244 246 248 250 258 260 262 264 266 268 270 272 274 276 278 280 282 288 290 292 294 296 298 302 304 306 308 310 312 318 320 322 324 326 328 330 332 334 336 344 346 348 350 352 354 356 358 360 362 370 372 374 376 378 380 382 384 386 388 400 402 404 406 408 410 412 414 416 432 434 436 438 440 442 444 
301 119 121 123 145 147 149 151 153 155 157 173 175 177 179 181 183 185 187 189 201 203 205 207 209 211 213 215 217 219 221 231 233 235 237 239 241 243 245 247 249 251 259 261 263 265 267 269 271 273 275 277 279 281 289 291 293 295 297 299 303 305 307 309 311 319 321 323 325 327 329 331 333 335 337 345 347 349 351 353 355 357 359 361 371 373 375 377 379 381 383 385 387 389 401 403 405 407 409 411 413 415 417 433 435 437 439 441 443 445 
302 120 122 124 146 148 150 152 154 156 158 174 176 178 180 182 184 186 188 190 202 204 206 208 210 212 214 216 218 220 222 232 234 236 238 240 242 244 246 248 250 252 260 262 264 266 268 270 272 274 276 278 280 282 290 292 294 296 298 300 304 306 308 310 312 320 322 324 326 328 330 332 334 336 338 346 348 350 352 354 356 358 360 362 372 374 376 378 380 382 384 386 388 390 402 404 406 408 410 412 414 416 418 434 436 438 440 442 444 446 
303 121 123 125 147 149 151 153 155 157 159 175 177 179 181 183 185 187 189 191 203 205 207 209 211 213 215 217 219 221 233 235 237 239 241 243 245 247 249 251 261 263 265 267 269 271 273 275 277 279 281 291 293 295 297 299 301 305 307 309 311 319 321 323 325 327 329 331 333 335 337 347 349 351 353 355 357 359 361 363 373 375 377 379 381 383 385 387 389 403 405 407 409 411 413 415 417 435 437 439 441 443 445 447 475 
304 122 124 126 148 150 152 154 156 158 160 176 178 180 182 184 186 188 190 192 204 206 208 210 212 214 216 218 220 222 234 236 238 240 242 244 246 248 250 252 262 264 266 268 270 272 274 276 278 280 282 292 294 296 298 300 302 306 308 310 312 320 322 324 326 328 330 332 334 336 338 348 350 352 354 356 358 360 362 364 374 376 378 380 382 384 386 388 390 404 406 408 410 412 414 416 418 436 438 440 442 444 446 448 476 
305 123 125 127 149 151 153 155 157 159 161 177 179 181 183 185 187 189 191 205 207 209 211 213 215 217 219 221 235 237 239 241 243 245 247 249 251 263 265 267 269 271 273 275 277 279 281 293 295 297 299 301 303 307 309 311 321 323 325 327 329 331 333 335 337 349 351 353 355 357 359 361 363 375 377 379 381 383 385 387 389 405 407 409 411 413 415 417 419 437 439 441 443 445 447 475 477 
306 124 126 128 150 152 154 156 158 160 162 178 180 182 184 186 188 190 192 206 208 210 212 214 216 218 220 222 236 238 240 242 244 246 248 250 252 264 266 268 270 272 274 276 278 280 282 294 296 298 300 302 304 308 310 312 322 324 326 328 330 332 334 336 338 350 352 354 356 358 360 362 364 376 378 380 382 384 386 388 390 406 408 410 412 414 416 418 420 438 440 442 444 446 448 476 478 
307 125 127 129 151 153 155 157 159 161 179 181 183 185 187 189 191 207 209 211 213 215 217 219 221 237 239 241 243 245 247 249 251 265 267 269 271 273 275 277 279 281 295 297 299 301 303 305 309 311 323 325 327 329 331 333 335 337 351 353 355 357 359 361 363 377 379 381 383 385 387 389 407 409 411 413 415 417 419 439 441 443 445 447 449 475 477 479 
308 126 128 130 152 154 156 158 160 162 180 182 184 186 188 190 192 208 210 212 214 216 218 220 222 238 240 242 244 246 248 250 252 266 268 270 272 274 276 278 280 282 296 298 300 302 304 306 310 312 324 326 328 330 332 334 336 338 352 354 356 358 360 362 364 378 380 382 384 386 388 390 408 410 412 414 416 418 420 440 442 444 446 448 450 476 478 480 
309 127 129 131 153 155 157 159 161 181 183 185 187 189 191 209 211 213 215 217 219 221 239 241 243 245 247 249 251 267 269 271 273 275 277 279 281 297 299 301 303 305 307 311 325 327 329 331 333 335 337 353 355 357 359 361 363 379 381 383 385 387 389 409 411 413 415 417 419 441 443 445 447 449 477 479 481 
310 128 130 132 154 156 158 160 162 182 184 186 188 190 192 210 212 214 216 218 220 222 240 242 244 246 248 250 252 268 270 272 274 276 278 280 282 298 300 302 304 306 308 312 326 328 330 332 334 336 338 354 356 358 360 362 364 380 382 384 386 388 390 410 412 414 416 418 420 442 444 446 448 450 478 480 482 
311 129 131 155 157 159 161 183 185 187 189 191 211 213 215 217 219 221 241 243 245 247 249 251 269 271 273 275 277 279 281 299 301 303 305 307 309 327 329 331 333 335 337 355 357 359 361 363 381 383 385 387 389 411 413 415 417 419 443 445 447 449 479 481 
312 130 132 156 158 160 162 184 186 188 190 192 212 214 216 218 220 222 242 244 246 248 250 252 270 272 274 276 278 280 282 300 302 304 306 308 310 328 330 332 334 336 338 356 358 360 362 364 382 384 386 388 390 412 414 416 418 420 444 446 448 450 480 482 
313 24 25 26 31 32 33 34 35 36 38 39 40 41 42 43 44 45 47 48 49 50 51 52 53 54 55 56 57 58 59 60 61 62 63 64 65 66 67 68 69 70 71 72 193 195 197 223 225 227 229 231 253 255 257 259 261 283 285 287 289 291 293 314 315 316 317 319 321 339 340 341 342 343 345 347 365 366 367 369 371 391 392 393 395 397 421 423 425 451 453 
314 20 21 22 28 29 30 31 32 33 37 38 39 40 41 42 43 44 46 47 48 49 50 51 52 53 55 56 57 58 59 60 61 62 63 64 65 66 67 68 69 70 71 72 194 196 198 224 226 228 230 232 254 256 258 260 262 284 286 288 290 292 294 313 315 316 318 320 322 339 340 341 342 344 346 348 365 366 368 370 372 391 392 394 396 398 422 424 426 452 454 
315 26 27 33 34 35 36 41 42 43 44 45 49 50 51 52 53 54 57 58 59 60 61 62 63 66 67 68 69 70 71 72 163 165 167 169 171 193 195 197 199 201 203 205 223 225 227 229 231 233 235 253 255 257 259 261 263 265 267 283 285 287 289 291 293 295 297 313 314 317 319 321 323 325 339 340 341 343 345 347 349 351 365 367 369 371 373 375 377 391 393 395 397 399 401 403 421 423 425 427 429 451 453 455 457 
316 19 20 28 29 30 31 37 38 39 40 41 46 47 48 49 50 51 55 56 57 58 59 60 61 64 65 66 67 68 69 70 164 166 168 170 172 194 196 198 200 202 204 206 224 226 228 230 232 234 236 254 256 258 260 262 264 266 268 284 286 288 290 292 294 296 298 313 314 318 320 322 324 326 339 340 342 344 346 348 350 352 366 368 370 372 374 376 378 392 394 396 398 400 402 404 422 424 426 428 430 452 454 456 458 
317 34 35 36 42 43 44 45 50 51 52 53 54 59 60 61 62 63 68 69 70 71 72 139 163 165 167 169 171 173 175 193 195 197 199 201 203 205 207 223 225 227 229 231 233 235 237 239 253 255 257 259 261 263 265 267 269 283 285 287 289 291 293 295 297 299 313 315 319 321 323 325 327 329 339 341 343 345 347 349 351 353 355 365 367 369 371 373 375 377 379 391 393 395 397 399 401 403 405 421 423 425 427 429 431 433 453 455 457 459 461 
318 28 29 30 37 38 39 40 46 47 48 49 50 55 56 57 58 59 64 65 66 67 68 140 164 166 168 170 172 174 176 194 196 198 200 202 204 206 208 224 226 228 230 232 234 236 238 240 254 256 258 260 262 264 266 268 270 284 286 288 290 292 294 296 298 300 314 316 320 322 324 326 328 330 340 342 344 346 348 350 352 354 356 366 368 370 372 374 376 378 380 392 394 396 398 400 402 404 406 422 424 426 428 430 432 434 454 456 458 460 462 
319 36 43 44 45 52 53 54 60 61 62 63 69 70 71 72 139 141 143 165 167 169 171 173 175 177 193 195 197 199 201 203 205 207 209 223 225 227 229 231 233 235 237 239 241 253 255 257 259 261 263 265 267 269 271 283 285 287 289 291 293 295 297 299 301 303 313 315 317 321 323 325 327 329 331 339 341 343 345 347 349 351 353 355 357 365 367 369 371 373 375 377 379 381 391 393 395 397 399 401 403 405 407 409 421 423 425 427 429 431 433 435 437 455 457 459 461 463 465 
320 28 37 38 39 46 47 48 55 56 57 58 64 65 66 67 140 142 144 166 168 170 172 174 176 178 194 196 198 200 202 204 206 208 210 224 226 228 230 232 234 236 238 240 242 254 256 258 260 262 264 266 268 270 272 284 286 288 290 292 294 296 298 300 302 304 314 316 318 322 324 326 328 330 332 340 342 344 346 348 350 352 354 356 358 366 368 370 372 374 376 378 380 382 392 394 396 398 400 402 404 406 408 410 422 424 426 428 430 432 434 436 438 456 458 460 462 464 466 
321 45 53 54 61 62 63 70 71 72 141 143 145 167 169 171 173 175 177 179 195 197 199 201 203 205 207 209 211 223 225 227 229 231 233 235 237 239 241 243 253 255 257 259 261 263 265 267 269 271 273 283 285 287 289 291 293 295 297 299 301 303 305 313 315 317 319 323 325 327 329 331 333 339 341 343 345 347 349 351 353 355 357 359 365 367 369 371 373 375 377 379 381 383 393 395 397 399 401 403 405 407 409 411 423 425 427 429 431 433 435 437 439 457 459 461 463 465 467 
322 37 46 47 55 56 57 64 65 66 142 144 146 168 170 172 174 176 178 180 196 198 200 202 204 206 208 210 212 224 226 228 230 232 234 236 238 240 242 244 254 256 258 260 262 264 266 268 270 272 274 284 286 288 290 292 294 296 298 300 302 304 306 314 316 318 320 324 326 328 330 332 334 340 342 344 346 348 350 352 354 356 358 360 366 368 370 372 374 376 378 380 382 384 394 396 398 400 402 404 406 408 410 412 424 426 428 430 432 434 436 438 440 458 460 462 464 466 468 
323 63 71 72 143 145 147 169 171 173 175 177 179 181 197 199 201 203 205 207 209 211 213 225 227 229 231 233 235 237 239 241 243 245 255 257 259 261 263 265 267 269 271 273 275 283 285 287 289 291 293 295 297 299 301 303 305 307 315 317 319 321 325 327 329 331 333 341 343 345 347 349 351 353 355 357 359 365 367 369 371 373 375 377 379 381 383 385 393 395 397 399 401 403 405 407 409 411 413 425 427 429 431 433 435 437 439 441 459 461 463 465 467 469 471 
324 55 64 65 144 146 148 170 172 174 176 178 180 182 198 200 202 204 206 208 210 212 214 226 228 230 232 234 236 238 240 242 244 246 256 258 260 262 264 266 268 270 272 274 276 284 286 288 290 292 294 296 298 300 302 304 306 308 316 318 320 322 326 328 330 332 334 342 344 346 348 350 352 354 356 358 360 366 368 370 372 374 376 378 380 382 384 386 394 396 398 400 402 404 406 408 410 412 414 426 428 430 432 434 436 438 440 442 460 462 464 466 468 470 472 
325 145 147 149 171 173 175 177 179 181 183 199 201 203 205 207 209 211 213 215 227 229 231 233 235 237 239 241 243 245 247 257 259 261 263 265 267 269 271 273 275 277 285 287 289 291 293 295 297 299 301 303 305 307 309 315 317 319 321 323 327 329 331 333 335 341 343 345 347 349 351 353 355 357 359 361 367 369 371 373 375 377 379 381 383 385 387 395 397 399 401 403 405 407 409 411 413 415 427 429 431 433 435 437 439 441 443 461 463 465 467 469 471 473 
326 146 148 150 172 174 176 178 180 182 184 200 202 204 206 208 210 212 214 216 228 230 232 234 236 238 240 242 244 246 248 258 260 262 264 266 268 270 272 274 276 278 286 288 290 292 294 296 298 300 302 304 306 308 310 316 318 320 322 324 328 330 332 334 336 342 344 346 348 350 352 354 356 358 360 362 368 370 372 374 376 378 380 382 384 386 388 396 398 400 402 404 406 408 410 412 414 416 428 430 432 434 436 438 440 442 444 462 464 466 468 470 472 474 
327 147 149 151 173 175 177 179 181 183 185 201 203 205 207 209 211 213 215 217 229 231 233 235 237 239 241 243 245 247 249 259 261 263 265 267 269 271 273 275 277 279 287 289 291 293 295 297 299 301 303 305 307 309 311 317 319 321 323 325 329 331 333 335 343 345 347 349 351 353 355 357 359 361 369 371 373 375 377 379 381 383 385 387 389 397 399 401 403 405 407 409 411 413 415 417 429 431 433 435 437 439 441 443 445 463 465 467 469 471 473 475 
328 148 150 152 174 176 178 180 182 184 186 202 204 206 208 210 212 214 216 218 230 232 234 236 238 240 242 244 246 248 250 260 262 264 266 268 270 272 274 276 278 280 288 290 292 294 296 298 300 302 304 306 308 310 312 318 320 322 324 326 330 332 334 336 344 346 348 350 352 354 356 358 360 362 370 372 374 376 378 380 382 384 386 388 390 398 400 402 404 406 408 410 412 414 416 418 430 432 434 436 438 440 442 444 446 464 466 468 470 472 474 476 
329 149 151 153 175 177 179 181 183 185 187 203 205 207 209 211 213 215 217 219 231 233 235 237 239 241 243 245 247 249 251 261 263 265 267 269 271 273 275 277 279 281 289 291 293 295 297 299 301 303 305 307 309 311 317 319 321 323 325 327 331 333 335 337 343 345 347 349 351 353 355 357 359 361 363 371 373 375 377 379 381 383 385 387 389 399 401 403 405 407 409 411 413 415 417 431 433 435 437 439 441 443 445 447 467 469 471 473 475 477 
330 150 152 154 176 178 180 182 184 186 188 204 206 208 210 212 214 216 218 220 232 234 236 238 240 242 244 246 248 250 252 262 264 266 268 270 272 274 276 278 280 282 290 292 294 296 298 300 302 304 306 308 310 312 318 320 322 324 326 328 332 334 336 338 344 346 348 350 352 354 356 358 360 362 364 372 374 376 378 380 382 384 386 388 390 400 402 404 406 408 410 412 414 416 418 432 434 436 438 440 442 444 446 448 468 470 472 474 476 478 
331 151 153 155 177 179 181 183 185 187 189 205 207 209 211 213 215 217 219 221 233 235 237 239 241 243 245 247 249 251 263 265 267 269 271 273 275 277 279 281 291 293 295 297 299 301 303 305 307 309 311 319 321 323 325 327 329 333 335 337 345 347 349 351 353 355 357 359 361 363 373 375 377 379 381 383 385 387 389 401 403 405 407 409 411 413 415 417 419 433 435 437 439 441 443 445 447 449 469 471 473 475 477 479 
332 152 154 156 178 180 182 184 186 188 190 206 208 210 212 214 216 218 220 222 234 236 238 240 242 244 246 248 250 252 264 266 268 270 272 274 276 278 280 282 292 294 296 298 300 302 304 306 308 310 312 320 322 324 326 328 330 334 336 338 346 348 350 352 354 356 358 360 362 364 374 376 378 380 382 384 386 388 390 402 404 406 408 410 412 414 416 418 420 434 436 438 440 442 444 446 448 450 470 472 474 476 478 480 
333 155 179 181 183 185 187 189 191 207 209 211 213 215 217 219 221 235 237 239 241 243 245 247 249 251 265 267 269 271 273 275 277 279 281 295 297 299 301 303 305 307 309 311 321 323 325 327 329 331 335 337 347 349 351 353 355 357 359 361 363 375 377 379 381 383 385 387 389 405 407 409 411 413 415 417 419 437 439 441 443 445 447 449 473 475 477 479 481 
334 156 180 182 184 186 188 190 192 208 210 212 214 216 218 220 222 236 238 240 242 244 246 248 250 252 266 268 270 272 274 276 278 280 282 296 298 300 302 304 306 308 310 312 322 324 326 328 330 332 336 338 348 350 352 354 356 358 360 362 364 376 378 380 382 384 386 388 390 406 408 410 412 414 416 418 420 438 440 442 444 446 448 450 474 476 478 480 482 
335 183 185 187 189 191 209 211 213 215 217 219 221 239 241 243 245 247 249 251 267 269 271 273 275 277 279 281 297 299 301 303 305 307 309 311 325 327 329 331 333 337 338 351 353 355 357 359 361 363 364 377 379 381 383 385 387 389 407 409 411 413 415 417 419 441 443 445 447 449 477 479 481 483 
336 184 186 188 190 192 210 212 214 216 218 220 222 240 242 244 246 248 250 252 268 270 272 274 276 278 280 282 298 300 302 304 306 308 310 312 326 328 330 332 334 337 338 352 354 356 358 360 362 363 364 378 380 382 384 386 388 390 408 410 412 414 416 418 420 442 444 446 448 450 478 480 482 484 
337 217 219 221 243 245 247 249 251 273 275 277 279 281 301 303 305 307 309 311 329 331 333 335 336 338 355 357 359 361 362 363 364 383 385 387 389 390 413 415 417 419 420 445 447 449 481 483 
338 218 220 222 244 246 248 250 252 274 276 278 280 282 302 304 306 308 310 312 330 332 334 335 336 337 356 358 360 361 362 363 364 384 386 388 389 390 414 416 418 419 420 446 448 450 482 484 
339 33 34 35 40 41 42 43 44 45 47 48 49 50 51 52 53 54 56 57 58 59 60 61 62 63 64 65 66 67 68 69 70 71 72 223 225 227 253 255 257 259 261 283 285 287 289 291 313 314 315 316 317 319 321 340 341 342 343 345 347 365 366 367 369 371 391 392 393 395 397 399 421 423 425 451 453 455 485 
340 29 30 31 37 38 39 40 41 42 46 47 48 49 50 51 52 53 55 56 57 58 59 60 61 62 64 65 66 67 68 69 70 71 72 224 226 228 254 256 258 260 262 284 286 288 290 292 313 314 315 316 318 320 322 339 341 342 344 346 348 365 366 368 370 372 391 392 394 396 398 400 422 424 426 452 454 456 486 
341 35 36 42 43 44 45 50 51 52 53 54 58 59 60 61 62 63 66 67 68 69 70 71 72 193 195 197 199 201 223 225 227 229 231 233 235 253 255 257 259 261 263 265 283 285 287 289 291 293 295 297 313 314 315 317 319 321 323 325 339 340 343 345 347 349 351 365 367 369 371 373 375 377 391 393 395 397 399 401 403 421 423 425 427 429 431 451 453 455 457 459 461 485 487 489 
342 28 29 37 38 39 40 46 47 48 49 50 55 56 57 58 59 60 64 65 66 67 68 69 70 194 196 198 200 202 224 226 228 230 232 234 236 254 256 258 260 262 264 266 284 286 288 290 292 294 296 298 313 314 316 318 320 322 324 326 339 340 344 346 348 350 352 366 368 370 372 374 376 378 392 394 396 398 400 402 404 422 424 426 428 430 432 452 454 456 458 460 462 486 488 490 
343 43 44 45 51 52 53 54 59 60 61 62 63 68 69 70 71 72 169 193 195 197 199 201 203 205 223 225 227 229 231 233 235 237 253 255 257 259 261 263 265 267 269 283 285 287 289 291 293 295 297 299 313 315 317 319 321 323 325 327 329 339 341 345 347 349 351 353 355 365 367 369 371 373 375 377 379 391 393 395 397 399 401 403 405 407 421 423 425 427 429 431 433 435 451 453 455 457 459 461 463 487 489 491 493 
344 37 38 39 46 47 48 49 55 56 57 58 59 64 65 66 67 68 170 194 196 198 200 202 204 206 224 226 228 230 232 234 236 238 254 256 258 260 262 264 266 268 270 284 286 288 290 292 294 296 298 300 314 316 318 320 322 324 326 328 330 340 342 346 348 350 352 354 356 366 368 370 372 374 376 378 380 392 394 396 398 400 402 404 406 408 422 424 426 428 430 432 434 436 452 454 456 458 460 462 464 488 490 492 494 
345 45 52 53 54 61 62 63 69 70 71 72 169 171 173 195 197 199 201 203 205 207 223 225 227 229 231 233 235 237 239 253 255 257 259 261 263 265 267 269 271 283 285 287 289 291 293 295 297 299 301 313 315 317 319 321 323 325 327 329 331 339 341 343 347 349 351 353 355 357 365 367 369 371 373 375 377 379 381 383 391 393 395 397 399 401 403 405 407 409 421 423 425 427 429 431 433 435 437 453 455 457 459 461 463 465 467 489 491 493 495 497 
346 37 46 47 48 55 56 57 64 65 66 67 170 172 174 196 198 200 202 204 206 208 224 226 228 230 232 234 236 238 240 254 256 258 260 262 264 266 268 270 272 284 286 288 290 292 294 296 298 300 302 314 316 318 320 322 324 326 328 330 332 340 342 344 348 350 352 354 356 358 366 368 370 372 374 376 378 380 382 384 392 394 396 398 400 402 404 406 408 410 422 424 426 428 430 432 434 436 438 454 456 458 460 462 464 466 468 490 492 494 496 498 
347 54 62 63 70 71 72 171 173 175 197 199 201 203 205 207 209 225 227 229 231 233 235 237 239 241 253 255 257 259 261 263 265 267 269 271 273 283 285 287 289 291 293 295 297 299 301 303 313 315 317 319 321 323 325 327 329 331 333 339 341 343 345 349 351 353 355 357 359 365 367 369 371 373 375 377 379 381 383 385 393 395 397 399 401 403 405 407 409 411 421 423 425 427 429 431 433 435 437 439 441 455 457 459 461 463 465 467 469 471 491 493 495 497 499 
348 46 55 56 64 65 66 172 174 176 198 200 202 204 206 208 210 226 228 230 232 234 236 238 240 242 254 256 258 260 262 264 266 268 270 272 274 284 286 288 290 292 294 296 298 300 302 304 314 316 318 320 322 324 326 328 330 332 334 340 342 344 346 350 352 354 356 358 360 366 368 370 372 374 376 378 380 382 384 386 394 396 398 400 402 404 406 408 410 412 422 424 426 428 430 432 434 436 438 440 442 456 458 460 462 464 466 468 470 472 492 494 496 498 500 
349 72 173 175 177 199 201 203 205 207 209 211 227 229 231 233 235 237 239 241 243 255 257 259 261 263 265 267 269 271 273 275 285 287 289 291 293 295 297 299 301 303 305 315 317 319 321 323 325 327 329 331 333 341 343 345 347 351 353 355 357 359 365 367 369 371 373 375 377 379 381 383 385 393 395 397 399 401 403 405 407 409 411 413 423 425 427 429 431 433 435 437 439 441 443 457 459 461 463 465 467 469 471 473 493 495 497 499 501 503 
350 64 174 176 178 200 202 204 206 208 210 212 228 230 232 234 236 238 240 242 244 256 258 260 262 264 266 268 270 272 274 276 286 288 290 292 294 296 298 300 302 304 306 316 318 320 322 324 326 328 330 332 334 342 344 346 348 352 354 356 358 360 366 368 370 372 374 376 378 380 382 384 386 394 396 398 400 402 404 406 408 410 412 414 424 426 428 430 432 434 436 438 440 442 444 458 460 462 464 466 468 470 472 474 494 496 498 500 502 504 
351 175 177 179 201 203 205 207 209 211 213 229 231 233 235 237 239 241 243 245 257 259 261 263 265 267 269 271 273 275 277 287 289 291 293 295 297 299 301 303 305 307 315 317 319 321 323 325 327 329 331 333 335 341 343 345 347 349 353 355 357 359 361 367 369 371 373 375 377 379 381 383 385 387 395 397 399 401 403 405 407 409 411 413 415 425 427 429 431 433 435 437 439 441 443 445 459 461 463 465 467 469 471 473 475 497 499 501 503 505 
352 176 178 180 202 204 206 208 210 212 214 230 232 234 236 238 240 242 244 246 258 260 262 264 266 268 270 272 274 276 278 288 290 292 294 296 298 300 302 304 306 308 316 318 320 322 324 326 328 330 332 334 336 342 344 346 348 350 354 356 358 360 362 368 370 372 374 376 378 380 382 384 386 388 396 398 400 402 404 406 408 410 412 414 416 426 428 430 432 434 436 438 440 442 444 446 460 462 464 466 468 470 472 474 476 498 500 502 504 506 
353 177 179 181 203 205 207 209 211 213 215 231 233 235 237 239 241 243 245 247 259 261 263 265 267 269 271 273 275 277 279 289 291 293 295 297 299 301 303 305 307 309 317 319 321 323 325 327 329 331 333 335 343 345 347 349 351 355 357 359 361 369 371 373 375 377 379 381 383 385 387 389 397 399 401 403 405 407 409 411 413 415 417 427 429 431 433 435 437 439 441 443 445 447 461 463 465 467 469 471 473 475 477 499 501 503 505 507 509 
354 178 180 182 204 206 208 210 212 214 216 232 234 236 238 240 242 244 246 248 260 262 264 266 268 270 272 274 276 278 280 290 292 294 296 298 300 302 304 306 308 310 318 320 322 324 326 328 330 332 334 336 344 346 348 350 352 356 358 360 362 370 372 374 376 378 380 382 384 386 388 390 398 400 402 404 406 408 410 412 414 416 418 428 430 432 434 436 438 440 442 444 446 448 462 464 466 468 470 472 474 476 478 500 502 504 506 508 510 
355 179 181 183 205 207 209 211 213 215 217 233 235 237 239 241 243 245 247 249 261 263 265 267 269 271 273 275 277 279 281 291 293 295 297 299 301 303 305 307 309 311 317 319 321 323 325 327 329 331 333 335 337 343 345 347 349 351 353 357 359 361 363 369 371 373 375 377 379 381 383 385 387 389 399 401 403 405 407 409 411 413 415 417 429 431 433 435 437 439 441 443 445 447 449 463 465 467 469 471 473 475 477 479 503 505 507 509 511 
356 180 182 184 206 208 210 212 214 216 218 234 236 238 240 242 244 246 248 250 262 264 266 268 270 272 274 276 278 280 282 292 294 296 298 300 302 304 306 308 310 312 318 320 322 324 326 328 330 332 334 336 338 344 346 348 350 352 354 358 360 362 364 370 372 374 376 378 380 382 384 386 388 390 400 402 404 406 408 410 412 414 416 418 430 432 434 436 438 440 442 444 446 448 450 464 466 468 470 472 474 476 478 480 504 506 508 510 512 
357 181 183 185 207 209 211 213 215 217 219 235 237 239 241 243 245 247 249 251 263 265 267 269 271 273 275 277 279 281 293 295 297 299 301 303 305 307 309 311 319 321 323 325 327 329 331 333 335 337 345 347 349 351 353 355 359 361 363 371 373 375 377 379 381 383 385 387 389 401 403 405 407 409 411 413 415 417 419 433 435 437 439 441 443 445 447 449 467 469 471 473 475 477 479 481 505 507 509 511 513 
358 182 184 186 208 210 212 214 216 218 220 236 238 240 242 244 246 248 250 252 264 266 268 270 272 274 276 278 280 282 294 296 298 300 302 304 306 308 310 312 320 322 324 326 328 330 332 334 336 338 346 348 350 352 354 356 360 362 364 372 374 376 378 380 382 384 386 388 390 402 404 406 408 410 412 414 416 418 420 434 436 438 440 442 444 446 448 450 468 470 472 474 476 478 480 482 506 508 510 512 514 
359 185 209 211 213 215 217 219 221 237 239 241 243 245 247 249 251 265 267 269 271 273 275 277 279 281 295 297 299 301 303 305 307 309 311 321 323 325 327 329 331 333 335 337 347 349 351 353 355 357 361 363 375 377 379 381 383 385 387 389 403 405 407 409 411 413 415 417 419 435 437 439 441 443 445 447 449 471 473 475 477 479 481 483 509 511 513 515 
360 186 210 212 214 216 218 220 222 238 240 242 244 246 248 250 252 266 268 270 272 274 276 278 280 282 296 298 300 302 304 306 308 310 312 322 324 326 328 330 332 334 336 338 348 350 352 354 356 358 362 364 376 378 380 382 384 386 388 390 404 406 408 410 412 414 416 418 420 436 438 440 442 444 446 448 450 472 474 476 478 480 482 484 510 512 514 516 
361 213 215 217 219 221 239 241 243 245 247 249 251 269 271 273 275 277 279 281 297 299 301 303 305 307 309 311 325 327 329 331 333 335 337 338 351 353 355 357 359 363 364 377 379 381 383 385 387 389 407 409 411 413 415 417 419 439 441 443 445 447 449 473 475 477 479 481 483 513 515 517 
362 214 216 218 220 222 240 242 244 246 248 250 252 270 272 274 276 278 280 282 298 300 302 304 306 308 310 312 326 328 330 332 334 336 337 338 352 354 356 358 360 363 364 378 380 382 384 386 388 390 408 410 412 414 416 418 420 440 442 444 446 448 450 474 476 478 480 482 484 514 516 518 
363 247 249 251 273 275 277 279 281 303 305 307 309 311 329 331 333 335 336 337 338 355 357 359 361 362 364 383 385 387 389 390 411 413 415 417 419 420 445 447 449 479 481 483 517 
364 248 250 252 274 276 278 280 282 304 306 308 310 312 330 332 334 335 336 337 338 356 358 360 361 362 363 384 386 388 389 390 412 414 416 418 419 420 446 448 450 480 482 484 518 
365 43 44 45 50 51 52 53 54 58 59 60 61 62 63 66 67 68 69 70 71 72 223 225 227 229 253 255 257 259 261 283 285 287 289 291 293 313 314 315 317 319 321 323 339 340 341 343 345 347 349 367 369 371 373 375 391 392 393 395 397 399 401 421 423 425 427 429 451 453 455 457 459 485 487 489 491 519 521 
366 37 38 39 46 47 48 49 50 55 56 57 58 59 60 64 65 66 67 68 69 70 224 226 228 230 254 256 258 260 262 284 286 288 290 292 294 313 314 316 318 320 322 324 339 340 342 344 346 348 350 368 370 372 374 376 391 392 394 396 398 400 402 422 424 426 428 430 452 454 456 458 460 486 488 490 492 520 522 
367 45 52 53 54 60 61 62 63 68 69 70 71 72 197 223 225 227 229 231 233 253 255 257 259 261 263 265 283 285 287 289 291 293 295 297 313 315 317 319 321 323 325 339 341 343 345 347 349 351 365 369 371 373 375 377 391 393 395 397 399 401 403 405 421 423 425 427 429 431 433 451 453 455 457 459 461 463 485 487 489 491 493 495 519 521 523 
368 37 46 47 48 55 56 57 58 64 65 66 67 68 198 224 226 228 230 232 234 254 256 258 260 262 264 266 284 286 288 290 292 294 296 298 314 316 318 320 322 324 326 340 342 344 346 348 350 352 366 370 372 374 376 378 392 394 396 398 400 402 404 406 422 424 426 428 430 432 434 452 454 456 458 460 462 464 486 488 490 492 494 496 520 522 524 
369 53 54 61 62 63 69 70 71 72 197 199 201 223 225 227 229 231 233 235 253 255 257 259 261 263 265 267 283 285 287 289 291 293 295 297 299 313 315 317 319 321 323 325 327 339 341 343 345 347 349 351 353 355 365 367 371 373 375 377 379 381 391 393 395 397 399 401 403 405 407 421 423 425 427 429 431 433 435 437 451 453 455 457 459 461 463 465 467 485 487 489 491 493 495 497 499 521 523 525 527 
370 46 47 55 56 57 64 65 66 67 198 200 202 224 226 228 230 232 234 236 254 256 258 260 262 264 266 268 284 286 288 290 292 294 296 298 300 314 316 318 320 322 324 326 328 340 342 344 346 348 350 352 354 356 366 368 372 374 376 378 380 382 392 394 396 398 400 402 404 406 408 422 424 426 428 430 432 434 436 438 452 454 456 458 460 462 464 466 468 486 488 490 492 494 496 498 500 522 524 526 528 
371 62 63 70 71 72 199 201 203 225 227 229 231 233 235 237 253 255 257 259 261 263 265 267 269 283 285 287 289 291 293 295 297 299 301 313 315 317 319 321 323 325 327 329 339 341 343 345 347 349 351 353 355 357 365 367 369 373 375 377 379 381 383 391 393 395 397 399 401 403 405 407 409 411 421 423 425 427 429 431 433 435 437 439 453 455 457 459 461 463 465 467 469 471 487 489 491 493 495 497 499 501 523 525 527 529 531 
372 55 56 64 65 66 200 202 204 226 228 230 232 234 236 238 254 256 258 260 262 264 266 268 270 284 286 288 290 292 294 296 298 300 302 314 316 318 320 322 324 326 328 330 340 342 344 346 348 350 352 354 356 358 366 368 370 374 376 378 380 382 384 392 394 396 398 400 402 404 406 408 410 412 422 424 426 428 430 432 434 436 438 440 454 456 458 460 462 464 466 468 470 472 488 490 492 494 496 498 500 502 524 526 528 530 532 
373 72 201 203 205 227 229 231 233 235 237 239 255 257 259 261 263 265 267 269 271 283 285 287 289 291 293 295 297 299 301 303 315 317 319 321 323 325 327 329 331 341 343 345 347 349 351 353 355 357 365 367 369 371 375 377 379 381 383 385 393 395 397 399 401 403 405 407 409 411 413 421 423 425 427 429 431 433 435 437 439 441 453 455 457 459 461 463 465 467 469 471 473 489 491 493 495 497 499 501 503 505 525 527 529 531 533 
374 64 202 204 206 228 230 232 234 236 238 240 256 258 260 262 264 266 268 270 272 284 286 288 290 292 294 296 298 300 302 304 316 318 320 322 324 326 328 330 332 342 344 346 348 350 352 354 356 358 366 368 370 372 376 378 380 382 384 386 394 396 398 400 402 404 406 408 410 412 414 422 424 426 428 430 432 434 436 438 440 442 454 456 458 460 462 464 466 468 470 472 474 490 492 494 496 498 500 502 504 506 526 528 530 532 534 
375 203 205 207 229 231 233 235 237 239 241 257 259 261 263 265 267 269 271 273 285 287 289 291 293 295 297 299 301 303 305 315 317 319 321 323 325 327 329 331 333 341 343 345 347 349 351 353 355 357 359 365 367 369 371 373 377 379 381 383 385 393 395 397 399 401 403 405 407 409 411 413 415 423 425 427 429 431 433 435 437 439 441 443 455 457 459 461 463 465 467 469 471 473 475 491 493 495 497 499 501 503 505 507 527 529 531 533 535 537 
376 204 206 208 230 232 234 236 238 240 242 258 260 262 264 266 268 270 272 274 286 288 290 292 294 296 298 300 302 304 306 316 318 320 322 324 326 328 330 332 334 342 344 346 348 350 352 354 356 358 360 366 368 370 372 374 378 380 382 384 386 394 396 398 400 402 404 406 408 410 412 414 416 424 426 428 430 432 434 436 438 440 442 444 456 458 460 462 464 466 468 470 472 474 476 492 494 496 498 500 502 504 506 508 528 530 532 534 536 538 
377 205 207 209 231 233 235 237 239 241 243 259 261 263 265 267 269 271 273 275 287 289 291 293 295 297 299 301 303 305 307 315 317 319 321 323 325 327 329 331 333 335 341 343 345 347 349 351 353 355 357 359 361 367 369 371 373 375 379 381 383 385 387 395 397 399 401 403 405 407 409 411 413 415 425 427 429 431 433 435 437 439 441 443 445 457 459 461 463 465 467 469 471 473 475 477 493 495 497 499 501 503 505 507 509 531 533 535 537 539 
378 206 208 210 232 234 236 238 240 242 244 260 262 264 266 268 270 272 274 276 288 290 292 294 296 298 300 302 304 306 308 316 318 320 322 324 326 328 330 332 334 336 342 344 346 348 350 352 354 356 358 360 362 368 370 372 374 376 380 382 384 386 388 396 398 400 402 404 406 408 410 412 414 416 426 428 430 432 434 436 438 440 442 444 446 458 460 462 464 466 468 470 472 474 476 478 494 496 498 500 502 504 506 508 510 532 534 536 538 540 
379 207 209 211 233 235 237 239 241 243 245 261 263 265 267 269 271 273 275 277 289 291 293 295 297 299 301 303 305 307 309 317 319 321 323 325 327 329 331 333 335 343 345 347 349 351 353 355 357 359 361 369 371 373 375 377 381 383 385 387 389 395 397 399 401 403 405 407 409 411 413 415 417 427 429 431 433 435 437 439 441 443 445 447 459 461 463 465 467 469 471 473 475 477 479 495 497 499 501 503 505 507 509 511 533 535 537 539 541 543 
380 208 210 212 234 236 238 240 242 244 246 262 264 266 268 270 272 274 276 278 290 292 294 296 298 300 302 304 306 308 310 318 320 322 324 326 328 330 332 334 336 344 346 348 350 352 354 356 358 360 362 370 372 374 376 378 382 384 386 388 390 396 398 400 402 404 406 408 410 412 414 416 418 428 430 432 434 436 438 440 442 444 446 448 460 462 464 466 468 470 472 474 476 478 480 496 498 500 502 504 506 508 510 512 534 536 538 540 542 544 
381 209 211 213 235 237 239 241 243 245 247 263 265 267 269 271 273 275 277 279 291 293 295 297 299 301 303 305 307 309 311 319 321 323 325 327 329 331 333 335 345 347 349 351 353 355 357 359 361 369 371 373 375 377 379 383 385 387 389 397 399 401 403 405 407 409 411 413 415 417 429 431 433 435 437 439 441 443 445 447 449 461 463 465 467 469 471 473 475 477 479 481 497 499 501 503 505 507 509 511 513 537 539 541 543 545 
382 210 212 214 236 238 240 242 244 246 248 264 266 268 270 272 274 276 278 280 292 294 296 298 300 302 304 306 308 310 312 320 322 324 326 328 330 332 334 336 346 348 350 352 354 356 358 360 362 370 372 374 376 378 380 384 386 388 390 398 400 402 404 406 408 410 412 414 416 418 430 432 434 436 438 440 442 444 446 448 450 462 464 466 468 470 472 474 476 478 480 482 498 500 502 504 506 508 510 512 514 538 540 542 544 546 
383 211 213 215 237 239 241 243 245 247 249 265 267 269 271 273 275 277 279 281 293 295 297 299 301 303 305 307 309 311 321 323 325 327 329 331 333 335 337 345 347 349 351 353 355 357 359 361 363 371 373 375 377 379 381 385 387 389 399 401 403 405 407 409 411 413 415 417 419 431 433 435 437 439 441 443 445 447 449 463 465 467 469 471 473 475 477 479 481 501 503 505 507 509 511 513 515 539 541 543 545 547 
384 212 214 216 238 240 242 244 246 248 250 266 268 270 272 274 276 278 280 282 294 296 298 300 302 304 306 308 310 312 322 324 326 328 330 332 334 336 338 346 348 350 352 354 356 358 360 362 364 372 374 376 378 380 382 386 388 390 400 402 404 406 408 410 412 414 416 418 420 432 434 436 438 440 442 444 446 448 450 464 466 468 470 472 474 476 478 480 482 502 504 506 508 510 512 514 516 540 542 544 546 548 
385 213 215 217 239 241 243 245 247 249 251 267 269 271 273 275 277 279 281 295 297 299 301 303 305 307 309 311 323 325 327 329 331 333 335 337 347 349 351 353 355 357 359 361 363 373 375 377 379 381 383 387 389 403 405 407 409 411 413 415 417 419 433 435 437 439 441 443 445 447 449 467 469 471 473 475 477 479 481 483 503 505 507 509 511 513 515 517 543 545 547 549 
386 214 216 218 240 242 244 246 248 250 252 268 270 272 274 276 278 280 282 296 298 300 302 304 306 308 310 312 324 326 328 330 332 334 336 338 348 350 352 354 356 358 360 362 364 374 376 378 380 382 384 388 390 404 406 408 410 412 414 416 418 420 434 436 438 440 442 444 446 448 450 468 470 472 474 476 478 480 482 484 504 506 508 510 512 514 516 518 544 546 548 550 
387 217 241 243 245 247 249 251 269 271 273 275 277 279 281 297 299 301 303 305 307 309 311 325 327 329 331 333 335 337 351 353 355 357 359 361 363 377 379 381 383 385 389 405 407 409 411 413 415 417 419 437 439 441 443 445 447 449 471 473 475 477 479 481 483 507 509 511 513 515 517 547 549 551 
388 218 242 244 246 248 250 252 270 272 274 276 278 280 282 298 300 302 304 306 308 310 312 326 328 330 332 334 336 338 352 354 356 358 360 362 364 378 380 382 384 386 390 406 408 410 412 414 416 418 420 438 440 442 444 446 448 450 472 474 476 478 480 482 484 508 510 512 514 516 518 548 550 552 
389 245 247 249 251 273 275 277 279 281 301 303 305 307 309 311 327 329 331 333 335 337 338 353 355 357 359 361 363 364 379 381 383 385 387 409 411 413 415 417 419 420 441 443 445 447 449 475 477 479 481 483 511 513 515 517 549 551 
390 246 248 250 252 274 276 278 280 282 302 304 306 308 310 312 328 330 332 334 336 337 338 354 356 358 360 362 363 364 380 382 384 386 388 410 412 414 416 418 419 420 442 444 446 448 450 476 478 480 482 484 512 514 516 518 550 552 
391 51 52 53 54 58 59 60 61 62 63 66 67 68 69 70 71 72 253 283 285 287 289 313 314 315 317 319 339 340 341 343 345 365 366 367 369 371 392 393 395 397 399 421 423 425 427 451 452 453 455 457 485 487 489 519 521 
392 46 47 48 49 55 56 57 58 59 60 64 65 66 67 68 69 70 254 284 286 288 290 313 314 316 318 320 339 340 342 344 346 365 366 368 370 372 391 394 396 398 400 422 424 426 428 451 452 454 456 458 486 488 490 520 522 
393 53 54 60 61 62 63 68 69 70 71 72 253 255 257 259 261 283 285 287 289 291 293 313 315 317 319 321 323 339 341 343 345 347 349 365 367 369 371 373 375 391 395 397 399 401 403 421 423 425 427 429 431 433 451 453 455 457 459 461 463 485 487 489 491 493 495 519 521 523 525 553 555 
394 46 47 55 56 57 58 64 65 66 67 68 254 256 258 260 262 284 286 288 290 292 294 314 316 318 320 322 324 340 342 344 346 348 350 366 368 370 372 374 376 392 396 398 400 402 404 422 424 426 428 430 432 434 452 454 456 458 460 462 464 486 488 490 492 494 496 520 522 524 526 554 556 
395 61 62 63 69 70 71 72 225 227 229 253 255 257 259 261 263 283 285 287 289 291 293 295 313 315 317 319 321 323 325 339 341 343 345 347 349 351 365 367 369 371 373 375 377 379 391 393 397 399 401 403 405 421 423 425 427 429 431 433 435 451 453 455 457 459 461 463 465 467 485 487 489 491 493 495 497 499 519 521 523 525 527 529 553 555 557 559 
396 55 56 57 64 65 66 67 226 228 230 254 256 258 260 262 264 284 286 288 290 292 294 296 314 316 318 320 322 324 326 340 342 344 346 348 350 352 366 368 370 372 374 376 378 380 392 394 398 400 402 404 406 422 424 426 428 430 432 434 436 452 454 456 458 460 462 464 466 468 486 488 490 492 494 496 498 500 520 522 524 526 528 530 554 556 558 560 
397 63 71 72 227 229 231 253 255 257 259 261 263 265 283 285 287 289 291 293 295 297 313 315 317 319 321 323 325 327 339 341 343 345 347 349 351 353 365 367 369 371 373 375 377 379 381 391 393 395 399 401 403 405 407 409 421 423 425 427 429 431 433 435 437 451 453 455 457 459 461 463 465 467 469 485 487 489 491 493 495 497 499 501 519 521 523 525 527 529 531 533 555 557 559 561 
398 55 64 65 228 230 232 254 256 258 260 262 264 266 284 286 288 290 292 294 296 298 314 316 318 320 322 324 326 328 340 342 344 346 348 350 352 354 366 368 370 372 374 376 378 380 382 392 394 396 400 402 404 406 408 410 422 424 426 428 430 432 434 436 438 452 454 456 458 460 462 464 466 468 470 486 488 490 492 494 496 498 500 502 520 522 524 526 528 530 532 534 556 558 560 562 
399 72 229 231 233 255 257 259 261 263 265 267 283 285 287 289 291 293 295 297 299 315 317 319 321 323 325 327 329 339 341 343 345 347 349 351 353 355 365 367 369 371 373 375 377 379 381 383 391 393 395 397 401 403 405 407 409 411 421 423 425 427 429 431 433 435 437 439 441 453 455 457 459 461 463 465 467 469 471 485 487 489 491 493 495 497 499 501 503 505 521 523 525 527 529 531 533 535 557 559 561 563 565 
400 64 230 232 234 256 258 260 262 264 266 268 284 286 288 290 292 294 296 298 300 316 318 320 322 324 326 328 330 340 342 344 346 348 350 352 354 356 366 368 370 372 374 376 378 380 382 384 392 394 396 398 402 404 406 408 410 412 422 424 426 428 430 432 434 436 438 440 442 454 456 458 460 462 464 466 468 470 472 486 488 490 492 494 496 498 500 502 504 506 522 524 526 528 530 532 534 536 558 560 562 564 566 
401 231 233 235 257 259 261 263 265 267 269 285 287 289 291 293 295 297 299 301 315 317 319 321 323 325 327 329 331 341 343 345 347 349 351 353 355 357 365 367 369 371 373 375 377 379 381 383 393 395 397 399 403 405 407 409 411 413 421 423 425 427 429 431 433 435 437 439 441 443 453 455 457 459 461 463 465 467 469 471 473 487 489 491 493 495 497 499 501 503 505 507 523 525 527 529 531 533 535 537 539 559 561 563 565 567 
402 232 234 236 258 260 262 264 266 268 270 286 288 290 292 294 296 298 300 302 316 318 320 322 324 326 328 330 332 342 344 346 348 350 352 354 356 358 366 368 370 372 374 376 378 380 382 384 394 396 398 400 404 406 408 410 412 414 422 424 426 428 430 432 434 436 438 440 442 444 454 456 458 460 462 464 466 468 470 472 474 488 490 492 494 496 498 500 502 504 506 508 524 526 528 530 532 534 536 538 540 560 562 564 566 568 
403 233 235 237 259 261 263 265 267 269 271 287 289 291 293 295 297 299 301 303 315 317 319 321 323 325 327 329 331 341 343 345 347 349 351 353 355 357 359 367 369 371 373 375 377 379 381 383 385 393 395 397 399 401 405 407 409 411 413 423 425 427 429 431 433 435 437 439 441 443 445 455 457 459 461 463 465 467 469 471 473 475 489 491 493 495 497 499 501 503 505 507 509 525 527 529 531 533 535 537 539 541 561 563 565 567 569 571 
404 234 236 238 260 262 264 266 268 270 272 288 290 292 294 296 298 300 302 304 316 318 320 322 324 326 328 330 332 342 344 346 348 350 352 354 356 358 360 368 370 372 374 376 378 380 382 384 386 394 396 398 400 402 406 408 410 412 414 424 426 428 430 432 434 436 438 440 442 444 446 456 458 460 462 464 466 468 470 472 474 476 490 492 494 496 498 500 502 504 506 508 510 526 528 530 532 534 536 538 540 542 562 564 566 568 570 572 
405 235 237 239 261 263 265 267 269 271 273 289 291 293 295 297 299 301 303 305 317 319 321 323 325 327 329 331 333 343 345 347 349 351 353 355 357 359 367 369 371 373 375 377 379 381 383 385 387 395 397 399 401 403 407 409 411 413 415 425 427 429 431 433 435 437 439 441 443 445 457 459 461 463 465 467 469 471 473 475 477 491 493 495 497 499 501 503 505 507 509 511 527 529 531 533 535 537 539 541 543 565 567 569 571 573 
406 236 238 240 262 264 266 268 270 272 274 290 292 294 296 298 300 302 304 306 318 320 322 324 326 328 330 332 334 344 346 348 350 352 354 356 358 360 368 370 372 374 376 378 380 382 384 386 388 396 398 400 402 404 408 410 412 414 416 426 428 430 432 434 436 438 440 442 444 446 458 460 462 464 466 468 470 472 474 476 478 492 494 496 498 500 502 504 506 508 510 512 528 530 532 534 536 538 540 542 544 566 568 570 572 574 
407 237 239 241 263 265 267 269 271 273 275 291 293 295 297 299 301 303 305 307 319 321 323 325 327 329 331 333 335 343 345 347 349 351 353 355 357 359 361 369 371 373 375 377 379 381 383 385 387 397 399 401 403 405 409 411 413 415 417 425 427 429 431 433 435 437 439 441 443 445 447 459 461 463 465 467 469 471 473 475 477 479 493 495 497 499 501 503 505 507 509 511 513 529 531 533 535 537 539 541 543 545 567 569 571 573 575 577 
408 238 240 242 264 266 268 270 272 274 276 292 294 296 298 300 302 304 306 308 320 322 324 326 328 330 332 334 336 344 346 348 350 352 354 356 358 360 362 370 372 374 376 378 380 382 384 386 388 398 400 402 404 406 410 412 414 416 418 426 428 430 432 434 436 438 440 442 444 446 448 460 462 464 466 468 470 472 474 476 478 480 494 496 498 500 502 504 506 508 510 512 514 530 532 534 536 538 540 542 544 546 568 570 572 574 576 578 
409 239 241 243 265 267 269 271 273 275 277 293 295 297 299 301 303 305 307 309 319 321 323 325 327 329 331 333 335 345 347 349 351 353 355 357 359 361 371 373 375 377 379 381 383 385 387 389 397 399 401 403 405 407 411 413 415 417 427 429 431 433 435 437 439 441 443 445 447 449 461 463 465 467 469 471 473 475 477 479 481 495 497 499 501 503 505 507 509 511 513 515 531 533 535 537 539 541 543 545 547 571 573 575 577 579 
410 240 242 244 266 268 270 272 274 276 278 294 296 298 300 302 304 306 308 310 320 322 324 326 328 330 332 334 336 346 348 350 352 354 356 358 360 362 372 374 376 378 380 382 384 386 388 390 398 400 402 404 406 408 412 414 416 418 428 430 432 434 436 438 440 442 444 446 448 450 462 464 466 468 470 472 474 476 478 480 482 496 498 500 502 504 506 508 510 512 514 516 532 534 536 538 540 542 544 546 548 572 574 576 578 580 
411 241 243 245 267 269 271 273 275 277 279 295 297 299 301 303 305 307 309 311 321 323 325 327 329 331 333 335 347 349 351 353 355 357 359 361 363 371 373 375 377 379 381 383 385 387 389 399 401 403 405 407 409 413 415 417 419 429 431 433 435 437 439 441 443 445 447 449 463 465 467 469 471 473 475 477 479 481 497 499 501 503 505 507 509 511 513 515 517 535 537 539 541 543 545 547 549 573 575 577 579 581 
412 242 244 246 268 270 272 274 276 278 280 296 298 300 302 304 306 308 310 312 322 324 326 328 330 332 334 336 348 350 352 354 356 358 360 362 364 372 374 376 378 380 382 384 386 388 390 400 402 404 406 408 410 414 416 418 420 430 432 434 436 438 440 442 444 446 448 450 464 466 468 470 472 474 476 478 480 482 498 500 502 504 506 508 510 512 514 516 518 536 538 540 542 544 546 548 550 574 576 578 580 582 
413 243 245 247 269 271 273 275 277 279 281 297 299 301 303 305 307 309 311 323 325 327 329 331 333 335 337 349 351 353 355 357 359 361 363 373 375 377 379 381 383 385 387 389 401 403 405 407 409 411 415 417 419 433 435 437 439 441 443 445 447 449 465 467 469 471 473 475 477 479 481 483 501 503 505 507 509 511 513 515 517 537 539 541 543 545 547 549 551 577 579 581 583 
414 244 246 248 270 272 274 276 278 280 282 298 300 302 304 306 308 310 312 324 326 328 330 332 334 336 338 350 352 354 356 358 360 362 364 374 376 378 380 382 384 386 388 390 402 404 406 408 410 412 416 418 420 434 436 438 440 442 444 446 448 450 466 468 470 472 474 476 478 480 482 484 502 504 506 508 510 512 514 516 518 538 540 542 544 546 548 550 552 578 580 582 584 
415 245 247 249 271 273 275 277 279 281 299 301 303 305 307 309 311 325 327 329 331 333 335 337 351 353 355 357 359 361 363 375 377 379 381 383 385 387 389 405 407 409 411 413 417 419 435 437 439 441 443 445 447 449 467 469 471 473 475 477 479 481 483 503 505 507 509 511 513 515 517 541 543 545 547 549 551 579 581 583 585 
416 246 248 250 272 274 276 278 280 282 300 302 304 306 308 310 312 326 328 330 332 334 336 338 352 354 356 358 360 362 364 376 378 380 382 384 386 388 390 406 408 410 412 414 418 420 436 438 440 442 444 446 448 450 468 470 472 474 476 478 480 482 484 504 506 508 510 512 514 516 518 542 544 546 548 550 552 580 582 584 586 
417 273 275 277 279 281 301 303 305 307 309 311 327 329 331 333 335 337 353 355 357 359 361 363 379 381 383 385 387 389 407 409 411 413 415 419 437 439 441 443 445 447 449 471 473 475 477 479 481 483 507 509 511 513 515 517 545 547 549 551 583 585 
418 274 276 278 280 282 302 304 306 308 310 312 328 330 332 334 336 338 354 356 358 360 362 364 380 382 384 386 388 390 408 410 412 414 416 420 438 440 442 444 446 448 450 472 474 476 478 480 482 484 508 510 512 514 516 518 546 548 550 552 584 586 
419 281 305 307 309 311 331 333 335 337 338 357 359 361 363 364 383 385 387 389 390 411 413 415 417 420 443 445 447 449 477 479 481 483 484 513 515 517 549 551 
420 282 306 308 310 312 332 334 336 337 338 358 360 362 363 364 384 386 388 389 390 412 414 416 418 419 444 446 448 450 478 480 482 483 484 514 516 518 550 552 
421 62 63 69 70 71 72 283 285 287 313 315 317 319 339 341 343 345 347 365 367 369 371 373 391 393 395 397 399 401 423 425 427 429 451 453 455 457 459 461 485 487 489 491 493 519 521 523 525 553 555 557 587 
422 55 56 64 65 66 67 284 286 288 314 316 318 320 340 342 344 346 348 366 368 370 372 374 392 394 396 398 400 402 424 426 428 430 452 454 456 458 460 462 486 488 490 492 494 520 522 524 526 554 556 558 588 
423 63 70 71 72 253 255 257 283 285 287 289 291 313 315 317 319 321 339 341 343 345 347 349 365 367 369 371 373 375 391 393 395 397 399 401 403 421 425 427 429 431 433 451 453 455 457 459 461 463 465 485 487 489 491 493 495 497 519 521 523 525 527 529 553 555 557 559 561 587 589 
424 55 64 65 66 254 256 258 284 286 288 290 292 314 316 318 320 322 340 342 344 346 348 350 366 368 370 372 374 376 392 394 396 398 400 402 404 422 426 428 430 432 434 452 454 456 458 460 462 464 466 486 488 490 492 494 496 498 520 522 524 526 528 530 554 556 558 560 562 588 590 
425 71 72 255 257 259 283 285 287 289 291 293 313 315 317 319 321 323 339 341 343 345 347 349 351 365 367 369 371 373 375 377 391 393 395 397 399 401 403 405 407 421 423 427 429 431 433 435 437 451 453 455 457 459 461 463 465 467 485 487 489 491 493 495 497 499 501 519 521 523 525 527 529 531 533 553 555 557 559 561 563 587 589 591 593 
426 64 65 256 258 260 284 286 288 290 292 294 314 316 318 320 322 324 340 342 344 346 348 350 352 366 368 370 372 374 376 378 392 394 396 398 400 402 404 406 408 422 424 428 430 432 434 436 438 452 454 456 458 460 462 464 466 468 486 488 490 492 494 496 498 500 502 520 522 524 526 528 530 532 534 554 556 558 560 562 564 588 590 592 594 
427 72 257 259 261 283 285 287 289 291 293 295 315 317 319 321 323 325 341 343 345 347 349 351 353 365 367 369 371 373 375 377 379 391 393 395 397 399 401 403 405 407 409 421 423 425 429 431 433 435 437 439 451 453 455 457 459 461 463 465 467 469 471 485 487 489 491 493 495 497 499 501 503 519 521 523 525 527 529 531 533 535 553 555 557 559 561 563 565 567 589 591 593 595 
428 64 258 260 262 284 286 288 290 292 294 296 316 318 320 322 324 326 342 344 346 348 350 352 354 366 368 370 372 374 376 378 380 392 394 396 398 400 402 404 406 408 410 422 424 426 430 432 434 436 438 440 452 454 456 458 460 462 464 466 468 470 472 486 488 490 492 494 496 498 500 502 504 520 522 524 526 528 530 532 534 536 554 556 558 560 562 564 566 568 590 592 594 596 
429 259 261 263 285 287 289 291 293 295 297 315 317 319 321 323 325 327 341 343 345 347 349 351 353 355 365 367 369 371 373 375 377 379 381 393 395 397 399 401 403 405 407 409 411 421 423 425 427 431 433 435 437 439 441 453 455 457 459 461 463 465 467 469 471 473 485 487 489 491 493 495 497 499 501 503 505 519 521 523 525 527 529 531 533 535 537 539 555 557 559 561 563 565 567 569 591 593 595 597 599 
430 260 262 264 286 288 290 292 294 296 298 316 318 320 322 324 326 328 342 344 346 348 350 352 354 356 366 368 370 372 374 376 378 380 382 394 396 398 400 402 404 406 408 410 412 422 424 426 428 432 434 436 438 440 442 454 456 458 460 462 464 466 468 470 472 474 486 488 490 492 494 496 498 500 502 504 506 520 522 524 526 528 530 532 534 536 538 540 556 558 560 562 564 566 568 570 592 594 596 598 600 
431 263 287 289 291 293 295 297 299 317 319 321 323 325 327 329 341 343 345 347 349 351 353 355 367 369 371 373 375 377 379 381 383 393 395 397 399 401 403 405 407 409 411 423 425 427 429 433 435 437 439 441 443 453 455 457 459 461 463 465 467 469 471 473 475 487 489 491 493 495 497 499 501 503 505 507 521 523 525 527 529 531 533 535 537 539 541 557 559 561 563 565 567 569 571 573 593 595 597 599 601 
432 264 288 290 292 294 296 298 300 318 320 322 324 326 328 330 342 344 346 348 350 352 354 356 368 370 372 374 376 378 380 382 384 394 396 398 400 402 404 406 408 410 412 424 426 428 430 434 436 438 440 442 444 454 456 458 460 462 464 466 468 470 472 474 476 488 490 492 494 496 498 500 502 504 506 508 522 524 526 528 530 532 534 536 538 540 542 558 560 562 564 566 568 570 572 574 594 596 598 600 602 
433 265 289 291 293 295 297 299 301 317 319 321 323 325 327 329 331 343 345 347 349 351 353 355 357 367 369 371 373 375 377 379 381 383 385 393 395 397 399 401 403 405 407 409 411 413 423 425 427 429 431 435 437 439 441 443 445 455 457 459 461 463 465 467 469 471 473 475 477 489 491 493 495 497 499 501 503 505 507 509 523 525 527 529 531 533 535 537 539 541 543 559 561 563 565 567 569 571 573 575 597 599 601 603 605 
434 266 290 292 294 296 298 300 302 318 320 322 324 326 328 330 332 344 346 348 350 352 354 356 358 368 370 372 374 376 378 380 382 384 386 394 396 398 400 402 404 406 408 410 412 414 424 426 428 430 432 436 438 440 442 444 446 456 458 460 462 464 466 468 470 472 474 476 478 490 492 494 496 498 500 502 504 506 508 510 524 526 528 530 532 534 536 538 540 542 544 560 562 564 566 568 570 572 574 576 598 600 602 604 606 
435 291 293 295 297 299 301 303 319 321 323 325 327 329 331 343 345 347 349 351 353 355 357 359 369 371 373 375 377 379 381 383 385 395 397 399 401 403 405 407 409 411 413 415 425 427 429 431 433 437 439 441 443 445 457 459 461 463 465 467 469 471 473 475 477 491 493 495 497 499 501 503 505 507 509 511 525 527 529 531 533 535 537 539 541 543 545 561 563 565 567 569 571 573 575 577 599 601 603 605 607 
436 292 294 296 298 300 302 304 320 322 324 326 328 330 332 344 346 348 350 352 354 356 358 360 370 372 374 376 378 380 382 384 386 396 398 400 402 404 406 408 410 412 414 416 426 428 430 432 434 438 440 442 444 446 458 460 462 464 466 468 470 472 474 476 478 492 494 496 498 500 502 504 506 508 510 512 526 528 530 532 534 536 538 540 542 544 546 562 564 566 568 570 572 574 576 578 600 602 604 606 608 
437 269 293 295 297 299 301 303 305 319 321 323 325 327 329 331 333 345 347 349 351 353 355 357 359 369 371 373 375 377 379 381 383 385 387 397 399 401 403 405 407 409 411 413 415 417 425 427 429 431 433 435 439 441 443 445 447 457 459 461 463 465 467 469 471 473 475 477 479 493 495 497 499 501 503 505 507 509 511 513 527 529 531 533 535 537 539 541 543 545 547 563 565 567 569 571 573 575 577 579 601 603 605 607 609 
438 270 294 296 298 300 302 304 306 320 322 324 326 328 330 332 334 346 348 350 352 354 356 358 360 370 372 374 376 378 380 382 384 386 388 398 400 402 404 406 408 410 412 414 416 418 426 428 430 432 434 436 440 442 444 446 448 458 460 462 464 466 468 470 472 474 476 478 480 494 496 498 500 502 504 506 508 510 512 514 528 530 532 534 536 538 540 542 544 546 548 564 566 568 570 572 574 576 578 580 602 604 606 608 610 
439 271 295 297 299 301 303 305 307 321 323 325 327 329 331 333 347 349 351 353 355 357 359 361 371 373 375 377 379 381 383 385 387 399 401 403 405 407 409 411 413 415 417 427 429 431 433 435 437 441 443 445 447 459 461 463 465 467 469 471 473 475 477 479 481 495 497 499 501 503 505 507 509 511 513 515 529 531 533 535 537 539 541 543 545 547 549 565 567 569 571 573 575 577 579 581 605 607 609 611 613 
440 272 296 298 300 302 304 306 308 322 324 326 328 330 332 334 348 350 352 354 356 358 360 362 372 374 376 378 380 382 384 386 388 400 402 404 406 408 410 412 414 416 418 428 430 432 434 436 438 442 444 446 448 460 462 464 466 468 470 472 474 476 478 480 482 496 498 500 502 504 506 508 510 512 514 516 530 532 534 536 538 540 542 544 546 548 550 566 568 570 572 574 576 578 580 582 606 608 610 612 614 
441 271 273 275 297 299 301 303 305 307 309 323 325 327 329 331 333 335 347 349 351 353 355 357 359 361 373 375 377 379 381 383 385 387 389 399 401 403 405 407 409 411 413 415 417 429 431 433 435 437 439 443 445 447 449 461 463 465 467 469 471 473 475 477 479 481 497 499 501 503 505 507 509 511 513 515 517 531 533 535 537 539 541 543 545 547 549 551 569 571 573 575 577 579 581 583 607 609 611 613 615 
442 272 274 276 298 300 302 304 306 308 310 324 326 328 330 332 334 336 348 350 352 354 356 358 360 362 374 376 378 380 382 384 386 388 390 400 402 404 406 408 410 412 414 416 418 430 432 434 436 438 440 444 446 448 450 462 464 466 468 470 472 474 476 478 480 482 498 500 502 504 506 508 510 512 514 516 518 532 534 536 538 540 542 544 546 548 550 552 570 572 574 576 578 580 582 584 608 610 612 614 616 
443 273 275 277 299 301 303 305 307 309 311 325 327 329 331 333 335 349 351 353 355 357 359 361 375 377 379 381 383 385 387 389 401 403 405 407 409 411 413 415 417 419 431 433 435 437 439 441 445 447 449 463 465 467 469 471 473 475 477 479 481 483 499 501 503 505 507 509 511 513 515 517 535 537 539 541 543 545 547 549 551 571 573 575 577 579 581 583 585 611 613 615 617 
444 274 276 278 300 302 304 306 308 310 312 326 328 330 332 334 336 350 352 354 356 358 360 362 376 378 380 382 384 386 388 390 402 404 406 408 410 412 414 416 418 420 432 434 436 438 440 442 446 448 450 464 466 468 470 472 474 476 478 480 482 484 500 502 504 506 508 510 512 514 516 518 536 538 540 542 544 546 548 550 552 572 574 576 578 580 582 584 586 612 614 616 618 
445 275 277 279 301 303 305 307 309 311 327 329 331 333 335 337 351 353 355 357 359 361 363 377 379 381 383 385 387 389 403 405 407 409 411 413 415 417 419 433 435 437 439 441 443 447 449 467 469 471 473 475 477 479 481 483 501 503 505 507 509 511 513 515 517 537 539 541 543 545 547 549 551 575 577 579 581 583 585 613 615 617 619 
446 276 278 280 302 304 306 308 310 312 328 330 332 334 336 338 352 354 356 358 360 362 364 378 380 382 384 386 388 390 404 406 408 410 412 414 416 418 420 434 436 438 440 442 444 448 450 468 470 472 474 476 478 480 482 484 502 504 506 508 510 512 514 516 518 538 540 542 544 546 548 550 552 576 578 580 582 584 586 614 616 618 620 
447 277 279 281 303 305 307 309 311 329 331 333 335 337 353 355 357 359 361 363 379 381 383 385 387 389 407 409 411 413 415 417 419 437 439 441 443 445 449 469 471 473 475 477 479 481 483 505 507 509 511 513 515 517 541 543 545 547 549 551 577 579 581 583 585 617 619 
448 278 280 282 304 306 308 310 312 330 332 334 336 338 354 356 358 360 362 364 380 382 384 386 388 390 408 410 412 414 416 418 420 438 440 442 444 446 450 470 472 474 476 478 480 482 484 506 508 510 512 514 516 518 542 544 546 548 550 552 578 580 582 584 586 618 620 
449 307 309 311 331 333 335 337 355 357 359 361 363 381 383 385 387 389 409 411 413 415 417 419 441 443 445 447 473 475 477 479 481 483 509 511 513 515 517 545 547 549 551 581 583 585 619 
450 308 310 312 332 334 336 338 356 358 360 362 364 382 384 386 388 390 410 412 414 416 418 420 442 444 446 448 474 476 478 480 482 484 510 512 514 516 518 546 548 550 552 582 584 586 620 
451 313 315 339 341 343 365 367 369 391 392 393 395 397 421 423 425 427 453 455 457 459 485 487 489 491 519 521 523 553 555 587 
452 314 316 340 342 344 366 368 370 391 392 394 396 398 422 424 426 428 454 456 458 460 486 488 490 492 520 522 524 554 556 588 
453 72 283 285 313 315 317 339 341 343 345 365 367 369 371 373 391 393 395 397 399 401 421 423 425 427 429 431 451 455 457 459 461 463 485 487 489 491 493 495 519 521 523 525 527 529 553 555 557 559 561 587 589 591 
454 64 284 286 314 316 318 340 342 344 346 366 368 370 372 374 392 394 396 398 400 402 422 424 426 428 430 432 452 456 458 460 462 464 486 488 490 492 494 496 520 522 524 526 528 530 554 556 558 560 562 588 590 592 
455 283 285 287 315 317 319 339 341 343 345 347 365 367 369 371 373 375 391 393 395 397 399 401 403 421 423 425 427 429 431 433 451 453 457 459 461 463 465 485 487 489 491 493 495 497 499 519 521 523 525 527 529 531 553 555 557 559 561 563 587 589 591 593 595 
456 284 286 288 316 318 320 340 342 344 346 348 366 368 370 372 374 376 392 394 396 398 400 402 404 422 424 426 428 430 432 434 452 454 458 460 462 464 466 486 488 490 492 494 496 498 500 520 522 524 526 528 530 532 554 556 558 560 562 564 588 590 592 594 596 
457 285 287 289 315 317 319 321 341 343 345 347 349 365 367 369 371 373 375 377 391 393 395 397 399 401 403 405 421 423 425 427 429 431 433 435 437 451 453 455 459 461 463 465 467 469 485 487 489 491 493 495 497 499 501 519 521 523 525 527 529 531 533 535 553 555 557 559 561 563 565 567 587 589 591 593 595 597 
458 286 288 290 316 318 320 322 342 344 346 348 350 366 368 370 372 374 376 378 392 394 396 398 400 402 404 406 422 424 426 428 430 432 434 436 438 452 454 456 460 462 464 466 468 470 486 488 490 492 494 496 498 500 502 520 522 524 526 528 530 532 534 536 554 556 558 560 562 564 566 568 588 590 592 594 596 598 
459 287 289 291 317 319 321 323 341 343 345 347 349 351 365 367 369 371 373 375 377 379 393 395 397 399 401 403 405 407 421 423 425 427 429 431 433 435 437 439 451 453 455 457 461 463 465 467 469 471 485 487 489 491 493 495 497 499 501 503 505 519 521 523 525 527 529 531 533 535 537 553 555 557 559 561 563 565 567 569 587 589 591 593 595 597 599 601 
460 288 290 292 318 320 322 324 342 344 346 348 350 352 366 368 370 372 374 376 378 380 394 396 398 400 402 404 406 408 422 424 426 428 430 432 434 436 438 440 452 454 456 458 462 464 466 468 470 472 486 488 490 492 494 496 498 500 502 504 506 520 522 524 526 528 530 532 534 536 538 554 556 558 560 562 564 566 568 570 588 590 592 594 596 598 600 602 
461 317 319 321 323 325 341 343 345 347 349 351 353 367 369 371 373 375 377 379 381 393 395 397 399 401 403 405 407 409 421 423 425 427 429 431 433 435 437 439 441 453 455 457 459 463 465 467 469 471 473 485 487 489 491 493 495 497 499 501 503 505 507 519 521 523 525 527 529 531 533 535 537 539 553 555 557 559 561 563 565 567 569 571 573 589 591 593 595 597 599 601 603 
462 318 320 322 324 326 342 344 346 348 350 352 354 368 370 372 374 376 378 380 382 394 396 398 400 402 404 406 408 410 422 424 426 428 430 432 434 436 438 440 442 454 456 458 460 464 466 468 470 472 474 486 488 490 492 494 496 498 500 502 504 506 508 520 522 524 526 528 530 532 534 536 538 540 554 556 558 560 562 564 566 568 570 572 574 590 592 594 596 598 600 602 604 
463 319 321 323 325 327 343 345 347 349 351 353 355 367 369 371 373 375 377 379 381 383 393 395 397 399 401 403 405 407 409 411 423 425 427 429 431 433 435 437 439 441 443 453 455 457 459 461 465 467 469 471 473 475 487 489 491 493 495 497 499 501 503 505 507 509 521 523 525 527 529 531 533 535 537 539 541 555 557 559 561 563 565 567 569 571 573 575 591 593 595 597 599 601 603 605 607 
464 320 322 324 326 328 344 346 348 350 352 354 356 368 370 372 374 376 378 380 382 384 394 396 398 400 402 404 406 408 410 412 424 426 428 430 432 434 436 438 440 442 444 454 456 458 460 462 466 468 470 472 474 476 488 490 492 494 496 498 500 502 504 506 508 510 522 524 526 528 530 532 534 536 538 540 542 556 558 560 562 564 566 568 570 572 574 576 592 594 596 598 600 602 604 606 608 
465 319 321 323 325 327 345 347 349 351 353 355 369 371 373 375 377 379 381 383 395 397 399 401 403 405 407 409 411 413 423 425 427 429 431 433 435 437 439 441 443 455 457 459 461 463 467 469 471 473 475 477 489 491 493 495 497 499 501 503 505 507 509 511 523 525 527 529 531 533 535 537 539 541 543 557 559 561 563 565 567 569 571 573 575 577 593 595 597 599 601 603 605 607 609 
466 320 322 324 326 328 346 348 350 352 354 356 370 372 374 376 378 380 382 384 396 398 400 402 404 406 408 410 412 414 424 426 428 430 432 434 436 438 440 442 444 456 458 460 462 464 468 470 472 474 476 478 490 492 494 496 498 500 502 504 506 508 510 512 524 526 528 530 532 534 536 538 540 542 544 558 560 562 564 566 568 570 572 574 576 578 594 596 598 600 602 604 606 608 610 
467 321 323 325 327 329 345 347 349 351 353 355 357 369 371 373 375 377 379 381 383 385 395 397 399 401 403 405 407 409 411 413 415 425 427 429 431 433 435 437 439 441 443 445 457 459 461 463 465 469 471 473 475 477 491 493 495 497 499 501 503 505 507 509 511 525 527 529 531 533 535 537 539 541 543 545 559 561 563 565 567 569 571 573 575 577 579 595 597 599 601 603 605 607 609 611 
468 322 324 326 328 330 346 348 350 352 354 356 358 370 372 374 376 378 380 382 384 386 396 398 400 402 404 406 408 410 412 414 416 426 428 430 432 434 436 438 440 442 444 446 458 460 462 464 466 470 472 474 476 478 492 494 496 498 500 502 504 506 508 510 512 526 528 530 532 534 536 538 540 542 544 546 560 562 564 566 568 570 572 574 576 578 580 596 598 600 602 604 606 608 610 612 
469 323 325 327 329 331 347 349 351 353 355 357 371 373 375 377 379 381 383 385 397 399 401 403 405 407 409 411 413 415 427 429 431 433 435 437 439 441 443 445 447 457 459 461 463 465 467 471 473 475 477 479 491 493 495 497 499 501 503 505 507 509 511 513 527 529 531 533 535 537 539 541 543 545 547 561 563 565 567 569 571 573 575 577 579 581 597 599 601 603 605 607 609 611 613 
470 324 326 328 330 332 348 350 352 354 356 358 372 374 376 378 380 382 384 386 398 400 402 404 406 408 410 412 414 416 428 430 432 434 436 438 440 442 444 446 448 458 460 462 464 466 468 472 474 476 478 480 492 494 496 498 500 502 504 506 508 510 512 514 528 530 532 534 536 538 540 542 544 546 548 562 564 566 568 570 572 574 576 578 580 582 598 600 602 604 606 608 610 612 614 
471 323 325 327 329 331 347 349 351 353 355 357 359 371 373 375 377 379 381 383 385 387 399 401 403 405 407 409 411 413 415 417 427 429 431 433 435 437 439 441 443 445 447 459 461 463 465 467 469 473 475 477 479 481 493 495 497 499 501 503 505 507 509 511 513 515 529 531 533 535 537 539 541 543 545 547 549 563 565 567 569 571 573 575 577 579 581 583 599 601 603 605 607 609 611 613 615 
472 324 326 328 330 332 348 350 352 354 356 358 360 372 374 376 378 380 382 384 386 388 400 402 404 406 408 410 412 414 416 418 428 430 432 434 436 438 440 442 444 446 448 460 462 464 466 468 470 474 476 478 480 482 494 496 498 500 502 504 506 508 510 512 514 516 530 532 534 536 538 540 542 544 546 548 550 564 566 568 570 572 574 576 578 580 582 584 600 602 604 606 608 610 612 614 616 
473 325 327 329 331 333 349 351 353 355 357 359 361 373 375 377 379 381 383 385 387 401 403 405 407 409 411 413 415 417 429 431 433 435 437 439 441 443 445 447 449 461 463 465 467 469 471 475 477 479 481 495 497 499 501 503 505 507 509 511 513 515 517 531 533 535 537 539 541 543 545 547 549 551 565 567 569 571 573 575 577 579 581 583 585 603 605 607 609 611 613 615 617 
474 326 328 330 332 334 350 352 354 356 358 360 362 374 376 378 380 382 384 386 388 402 404 406 408 410 412 414 416 418 430 432 434 436 438 440 442 444 446 448 450 462 464 466 468 470 472 476 478 480 482 496 498 500 502 504 506 508 510 512 514 516 518 532 534 536 538 540 542 544 546 548 550 552 566 568 570 572 574 576 578 580 582 584 586 604 606 608 610 612 614 616 618 
475 303 305 307 327 329 331 333 351 353 355 357 359 361 375 377 379 381 383 385 387 389 403 405 407 409 411 413 415 417 431 433 435 437 439 441 443 445 447 449 463 465 467 469 471 473 477 479 481 483 497 499 501 503 505 507 509 511 513 515 517 533 535 537 539 541 543 545 547 549 551 569 571 573 575 577 579 581 583 585 605 607 609 611 613 615 617 619 
476 304 306 308 328 330 332 334 352 354 356 358 360 362 376 378 380 382 384 386 388 390 404 406 408 410 412 414 416 418 432 434 436 438 440 442 444 446 448 450 464 466 468 470 472 474 478 480 482 484 498 500 502 504 506 508 510 512 514 516 518 534 536 538 540 542 544 546 548 550 552 570 572 574 576 578 580 582 584 586 606 608 610 612 614 616 618 620 
477 305 307 309 329 331 333 335 353 355 357 359 361 377 379 381 383 385 387 389 405 407 409 411 413 415 417 419 433 435 437 439 441 443 445 447 449 465 467 469 471 473 475 479 481 483 501 503 505 507 509 511 513 515 517 535 537 539 541 543 545 547 549 551 571 573 575 577 579 581 583 585 609 611 613 615 617 619 
478 306 308 310 330 332 334 336 354 356 358 360 362 378 380 382 384 386 388 390 406 408 410 412 414 416 418 420 434 436 438 440 442 444 446 448 450 466 468 470 472 474 476 480 482 484 502 504 506 508 510 512 514 516 518 536 538 540 542 544 546 548 550 552 572 574 576 578 580 582 584 586 610 612 614 616 618 620 
479 307 309 311 331 333 335 355 357 359 361 363 379 381 383 385 387 389 407 409 411 413 415 417 419 437 439 441 443 445 447 449 469 471 473 475 477 481 483 503 505 507 509 511 513 515 517 539 541 543 545 547 549 551 575 577 579 581 583 585 611 613 615 617 619 
480 308 310 312 332 334 336 356 358 360 362 364 380 382 384 386 388 390 408 410 412 414 416 418 420 438 440 442 444 446 448 450 470 472 474 476 478 482 484 504 506 508 510 512 514 516 518 540 542 544 546 548 550 552 576 578 580 582 584 586 612 614 616 618 620 
481 309 311 333 335 337 357 359 361 363 381 383 385 387 389 409 411 413 415 417 419 439 441 443 445 447 449 471 473 475 477 479 483 507 509 511 513 515 517 541 543 545 547 549 551 577 579 581 583 585 615 617 619 
482 310 312 334 336 338 358 360 362 364 382 384 386 388 390 410 412 414 416 418 420 440 442 444 446 448 450 472 474 476 478 480 484 508 510 512 514 516 518 542 544 546 548 550 552 578 580 582 584 586 616 618 620 
483 335 337 359 361 363 385 387 389 413 415 417 419 420 443 445 447 449 475 477 479 481 511 513 515 517 547 549 551 583 585 619 
484 336 338 360 362 364 386 388 390 414 416 418 419 420 444 446 448 450 476 478 480 482 512 514 516 518 548 550 552 584 586 620 
485 339 341 365 367 369 391 393 395 397 399 421 423 425 427 429 451 453 455 457 459 461 487 489 491 493 519 521 523 525 527 553 555 557 559 587 589 591 
486 340 342 366 368 370 392 394 396 398 400 422 424 426 428 430 452 454 456 458 460 462 488 490 492 494 520 522 524 526 528 554 556 558 560 588 590 592 
487 341 343 365 367 369 371 391 393 395 397 399 401 421 423 425 427 429 431 451 453 455 457 459 461 463 485 489 491 493 495 497 519 521 523 525 527 529 531 553 555 557 559 561 563 587 589 591 593 595 
488 342 344 366 368 370 372 392 394 396 398 400 402 422 424 426 428 430 432 452 454 456 458 460 462 464 486 490 492 494 496 498 520 522 524 526 528 530 532 554 556 558 560 562 564 588 590 592 594 596 
489 341 343 345 365 367 369 371 373 391 393 395 397 399 401 403 421 423 425 427 429 431 433 451 453 455 457 459 461 463 465 485 487 491 493 495 497 499 519 521 523 525 527 529 531 533 553 555 557 559 561 563 565 587 589 591 593 595 597 
490 342 344 346 366 368 370 372 374 392 394 396 398 400 402 404 422 424 426 428 430 432 434 452 454 456 458 460 462 464 466 486 488 492 494 496 498 500 520 522 524 526 528 530 532 534 554 556 558 560 562 564 566 588 590 592 594 596 598 
491 343 345 347 365 367 369 371 373 375 393 395 397 399 401 403 405 421 423 425 427 429 431 433 435 451 453 455 457 459 461 463 465 467 469 485 487 489 493 495 497 499 501 503 519 521 523 525 527 529 531 533 535 553 555 557 559 561 563 565 567 569 587 589 591 593 595 597 599 601 
492 344 346 348 366 368 370 372 374 376 394 396 398 400 402 404 406 422 424 426 428 430 432 434 436 452 454 456 458 460 462 464 466 468 470 486 488 490 494 496 498 500 502 504 520 522 524 526 528 530 532 534 536 554 556 558 560 562 564 566 568 570 588 590 592 594 596 598 600 602 
493 343 345 347 349 367 369 371 373 375 377 393 395 397 399 401 403 405 407 421 423 425 427 429 431 433 435 437 453 455 457 459 461 463 465 467 469 471 485 487 489 491 495 497 499 501 503 505 519 521 523 525 527 529 531 533 535 537 539 553 555 557 559 561 563 565 567 569 571 587 589 591 593 595 597 599 601 603 
494 344 346 348 350 368 370 372 374 376 378 394 396 398 400 402 404 406 408 422 424 426 428 430 432 434 436 438 454 456 458 460 462 464 466 468 470 472 486 488 490 492 496 498 500 502 504 506 520 522 524 526 528 530 532 534 536 538 540 554 556 558 560 562 564 566 568 570 572 588 590 592 594 596 598 600 602 604 
495 345 347 349 367 369 371 373 375 377 379 393 395 397 399 401 403 405 407 409 423 425 427 429 431 433 435 437 439 453 455 457 459 461 463 465 467 469 471 473 487 489 491 493 497 499 501 503 505 507 519 521 523 525 527 529 531 533 535 537 539 541 553 555 557 559 561 563 565 567 569 571 573 587 589 591 593 595 597 599 601 603 605 607 
496 346 348 350 368 370 372 374 376 378 380 394 396 398 400 402 404 406 408 410 424 426 428 430 432 434 436 438 440 454 456 458 460 462 464 466 468 470 472 474 488 490 492 494 498 500 502 504 506 508 520 522 524 526 528 530 532 534 536 538 540 542 554 556 558 560 562 564 566 568 570 572 574 588 590 592 594 596 598 600 602 604 606 608 
497 345 347 349 351 369 371 373 375 377 379 381 395 397 399 401 403 405 407 409 411 423 425 427 429 431 433 435 437 439 441 455 457 459 461 463 465 467 469 471 473 475 487 489 491 493 495 499 501 503 505 507 509 521 523 525 527 529 531 533 535 537 539 541 543 555 557 559 561 563 565 567 569 571 573 575 589 591 593 595 597 599 601 603 605 607 609 
498 346 348 350 352 370 372 374 376 378 380 382 396 398 400 402 404 406 408 410 412 424 426 428 430 432 434 436 438 440 442 456 458 460 462 464 466 468 470 472 474 476 488 490 492 494 496 500 502 504 506 508 510 522 524 526 528 530 532 534 536 538 540 542 544 556 558 560 562 564 566 568 570 572 574 576 590 592 594 596 598 600 602 604 606 608 610 
499 347 349 351 353 369 371 373 375 377 379 381 395 397 399 401 403 405 407 409 411 425 427 429 431 433 435 437 439 441 443 455 457 459 461 463 465 467 469 471 473 475 489 491 493 495 497 501 503 505 507 509 511 523 525 527 529 531 533 535 537 539 541 543 545 557 559 561 563 565 567 569 571 573 575 577 591 593 595 597 599 601 603 605 607 609 611 
500 348 350 352 354 370 372 374 376 378 380 382 396 398 400 402 404 406 408 410 412 426 428 430 432 434 436 438 440 442 444 456 458 460 462 464 466 468 470 472 474 476 490 492 494 496 498 502 504 506 508 510 512 524 526 528 530 532 534 536 538 540 542 544 546 558 560 562 564 566 568 570 572 574 576 578 592 594 596 598 600 602 604 606 608 610 612 
501 349 351 353 371 373 375 377 379 381 383 397 399 401 403 405 407 409 411 413 425 427 429 431 433 435 437 439 441 443 445 457 459 461 463 465 467 469 471 473 475 477 491 493 495 497 499 503 505 507 509 511 525 527 529 531 533 535 537 539 541 543 545 559 561 563 565 567 569 571 573 575 577 579 593 595 597 599 601 603 605 607 609 611 613 
502 350 352 354 372 374 376 378 380 382 384 398 400 402 404 406 408 410 412 414 426 428 430 432 434 436 438 440 442 444 446 458 460 462 464 466 468 470 472 474 476 478 492 494 496 498 500 504 506 508 510 512 526 528 530 532 534 536 538 540 542 544 546 560 562 564 566 568 570 572 574 576 578 580 594 596 598 600 602 604 606 608 610 612 614 
503 349 351 353 355 373 375 377 379 381 383 385 399 401 403 405 407 409 411 413 415 427 429 431 433 435 437 439 441 443 445 459 461 463 465 467 469 471 473 475 477 479 491 493 495 497 499 501 505 507 509 511 513 525 527 529 531 533 535 537 539 541 543 545 547 561 563 565 567 569 571 573 575 577 579 581 595 597 599 601 603 605 607 609 611 613 615 
504 350 352 354 356 374 376 378 380 382 384 386 400 402 404 406 408 410 412 414 416 428 430 432 434 436 438 440 442 444 446 460 462 464 466 468 470 472 474 476 478 480 492 494 496 498 500 502 506 508 510 512 514 526 528 530 532 534 536 538 540 542 544 546 548 562 564 566 568 570 572 574 576 578 580 582 596 598 600 602 604 606 608 610 612 614 616 
505 351 353 355 357 373 375 377 379 381 383 385 399 401 403 405 407 409 411 413 415 429 431 433 435 437 439 441 443 445 447 459 461 463 465 467 469 471 473 475 477 479 493 495 497 499 501 503 507 509 511 513 515 527 529 531 533 535 537 539 541 543 545 547 549 563 565 567 569 571 573 575 577 579 581 583 597 599 601 603 605 607 609 611 613 615 617 
506 352 354 356 358 374 376 378 380 382 384 386 400 402 404 406 408 410 412 414 416 430 432 434 436 438 440 442 444 446 448 460 462 464 466 468 470 472 474 476 478 480 494 496 498 500 502 504 508 510 512 514 516 528 530 532 534 536 538 540 542 544 546 548 550 564 566 568 570 572 574 576 578 580 582 584 598 600 602 604 606 608 610 612 614 616 618 
507 353 355 357 375 377 379 381 383 385 387 401 403 405 407 409 411 413 415 417 431 433 435 437 439 441 443 445 447 461 463 465 467 469 471 473 475 477 479 481 495 497 499 501 503 505 509 511 513 515 529 531 533 535 537 539 541 543 545 547 549 551 565 567 569 571 573 575 577 579 581 583 585 599 601 603 605 607 609 611 613 615 617 619 
508 354 356 358 376 378 380 382 384 386 388 402 404 406 408 410 412 414 416 418 432 434 436 438 440 442 444 446 448 462 464 466 468 470 472 474 476 478 480 482 496 498 500 502 504 506 510 512 514 516 530 532 534 536 538 540 542 544 546 548 550 552 566 568 570 572 574 576 578 580 582 584 586 600 602 604 606 608 610 612 614 616 618 620 
509 353 355 357 359 377 379 381 383 385 387 403 405 407 409 411 413 415 417 433 435 437 439 441 443 445 447 449 463 465 467 469 471 473 475 477 479 481 497 499 501 503 505 507 511 513 515 517 531 533 535 537 539 541 543 545 547 549 551 567 569 571 573 575 577 579 581 583 585 603 605 607 609 611 613 615 617 619 
510 354 356 358 360 378 380 382 384 386 388 404 406 408 410 412 414 416 418 434 436 438 440 442 444 446 448 450 464 466 468 470 472 474 476 478 480 482 498 500 502 504 506 508 512 514 516 518 532 534 536 538 540 542 544 546 548 550 552 568 570 572 574 576 578 580 582 584 586 604 606 608 610 612 614 616 618 620 
511 355 357 359 379 381 383 385 387 389 405 407 409 411 413 415 417 435 437 439 441 443 445 447 449 465 467 469 471 473 475 477 479 481 483 499 501 503 505 507 509 513 515 517 535 537 539 541 543 545 547 549 551 569 571 573 575 577 579 581 583 585 605 607 609 611 613 615 617 619 
512 356 358 360 380 382 384 386 388 390 406 408 410 412 414 416 418 436 438 440 442 444 446 448 450 466 468 470 472 474 476 478 480 482 484 500 502 504 506 508 510 514 516 518 536 538 540 542 544 546 548 550 552 570 572 574 576 578 580 582 584 586 606 608 610 612 614 616 618 620 
513 357 359 361 381 383 385 387 389 407 409 411 413 415 417 419 437 439 441 443 445 447 449 469 471 473 475 477 479 481 483 503 505 507 509 511 515 517 537 539 541 543 545 547 549 551 573 575 577 579 581 583 585 609 611 613 615 617 619 
514 358 360 362 382 384 386 388 390 408 410 412 414 416 418 420 438 440 442 444 446 448 450 470 472 474 476 478 480 482 484 504 506 508 510 512 516 518 538 540 542 544 546 548 550 552 574 576 578 580 582 584 586 610 612 614 616 618 620 
515 359 361 383 385 387 389 409 411 413 415 417 419 439 441 443 445 447 449 471 473 475 477 479 481 483 505 507 509 511 513 517 539 541 543 545 547 549 551 575 577 579 581 583 585 611 613 615 617 619 
516 360 362 384 386 388 390 410 412 414 416 418 420 440 442 444 446 448 450 472 474 476 478 480 482 484 506 508 510 512 514 518 540 542 544 546 548 550 552 576 578 580 582 584 586 612 614 616 618 620 
517 361 363 385 387 389 411 413 415 417 419 441 443 445 447 449 473 475 477 479 481 483 509 511 513 515 543 545 547 549 551 579 581 583 585 615 617 619 
518 362 364 386 388 390 412 414 416 418 420 442 444 446 448 450 474 476 478 480 482 484 510 512 514 516 544 546 548 550 552 580 582 584 586 616 618 620 
519 365 367 391 393 395 397 421 423 425 427 429 451 453 455 457 459 461 485 487 489 491 493 495 521 523 525 527 529 553 555 557 559 561 587 589 591 593 
520 366 368 392 394 396 398 422 424 426 428 430 452 454 456 458 460 462 486 488 490 492 494 496 522 524 526 528 530 554 556 558 560 562 588 590 592 594 
521 365 367 369 391 393 395 397 399 421 423 425 427 429 431 451 453 455 457 459 461 463 485 487 489 491 493 495 497 519 523 525 527 529 531 553 555 557 559 561 563 565 587 589 591 593 595 597 
522 366 368 370 392 394 396 398 400 422 424 426 428 430 432 452 454 456 458 460 462 464 486 488 490 492 494 496 498 520 524 526 528 530 532 554 556 558 560 562 564 566 588 590 592 594 596 598 
523 367 369 371 393 395 397 399 401 421 423 425 427 429 431 433 451 453 455 457 459 461 463 465 485 487 489 491 493 495 497 499 519 521 525 527 529 531 533 553 555 557 559 561 563 565 567 587 589 591 593 595 597 599 
524 368 370 372 394 396 398 400 402 422 424 426 428 430 432 434 452 454 456 458 460 462 464 466 486 488 490 492 494 496 498 500 520 522 526 528 530 532 534 554 556 558 560 562 564 566 568 588 590 592 594 596 598 600 
525 369 371 373 393 395 397 399 401 403 421 423 425 427 429 431 433 435 453 455 457 459 461 463 465 467 485 487 489 491 493 495 497 499 501 503 519 521 523 527 529 531 533 535 537 553 555 557 559 561 563 565 567 569 587 589 591 593 595 597 599 601 603 
526 370 372 374 394 396 398 400 402 404 422 424 426 428 430 432 434 436 454 456 458 460 462 464 466 468 486 488 490 492 494 496 498 500 502 504 520 522 524 528 530 532 534 536 538 554 556 558 560 562 564 566 568 570 588 590 592 594 596 598 600 602 604 
527 369 371 373 375 395 397 399 401 403 405 423 425 427 429 431 433 435 437 453 455 457 459 461 463 465 467 469 485 487 489 491 493 495 497 499 501 503 505 519 521 523 525 529 531 533 535 537 539 553 555 557 559 561 563 565 567 569 571 573 587 589 591 593 595 597 599 601 603 605 
528 370 372 374 376 396 398 400 402 404 406 424 426 428 430 432 434 436 438 454 456 458 460 462 464 466 468 470 486 488 490 492 494 496 498 500 502 504 506 520 522 524 526 530 532 534 536 538 540 554 556 558 560 562 564 566 568 570 572 574 588 590 592 594 596 598 600 602 604 606 
529 371 373 375 395 397 399 401 403 405 407 423 425 427 429 431 433 435 437 439 453 455 457 459 461 463 465 467 469 471 487 489 491 493 495 497 499 501 503 505 507 519 521 523 525 527 531 533 535 537 539 541 553 555 557 559 561 563 565 567 569 571 573 575 587 589 591 593 595 597 599 601 603 605 607 
530 372 374 376 396 398 400 402 404 406 408 424 426 428 430 432 434 436 438 440 454 456 458 460 462 464 466 468 470 472 488 490 492 494 496 498 500 502 504 506 508 520 522 524 526 528 532 534 536 538 540 542 554 556 558 560 562 564 566 568 570 572 574 576 588 590 592 594 596 598 600 602 604 606 608 
531 371 373 375 377 397 399 401 403 405 407 409 425 427 429 431 433 435 437 439 441 455 457 459 461 463 465 467 469 471 473 487 489 491 493 495 497 499 501 503 505 507 509 521 523 525 527 529 533 535 537 539 541 543 555 557 559 561 563 565 567 569 571 573 575 577 589 591 593 595 597 599 601 603 605 607 609 
532 372 374 376 378 398 400 402 404 406 408 410 426 428 430 432 434 436 438 440 442 456 458 460 462 464 466 468 470 472 474 488 490 492 494 496 498 500 502 504 506 508 510 522 524 526 528 530 534 536 538 540 542 544 556 558 560 562 564 566 568 570 572 574 576 578 590 592 594 596 598 600 602 604 606 608 610 
533 373 375 377 379 397 399 401 403 405 407 409 425 427 429 431 433 435 437 439 441 457 459 461 463 465 467 469 471 473 475 489 491 493 495 497 499 501 503 505 507 509 523 525 527 529 531 535 537 539 541 543 545 557 559 561 563 565 567 569 571 573 575 577 579 591 593 595 597 599 601 603 605 607 609 611 
534 374 376 378 380 398 400 402 404 406 408 410 426 428 430 432 434 436 438 440 442 458 460 462 464 466 468 470 472 474 476 490 492 494 496 498 500 502 504 506 508 510 524 526 528 530 532 536 538 540 542 544 546 558 560 562 564 566 568 570 572 574 576 578 580 592 594 596 598 600 602 604 606 608 610 612 
535 375 377 379 399 401 403 405 407 409 411 427 429 431 433 435 437 439 441 443 457 459 461 463 465 467 469 471 473 475 477 491 493 495 497 499 501 503 505 507 509 511 525 527 529 531 533 537 539 541 543 545 557 559 561 563 565 567 569 571 573 575 577 579 581 593 595 597 599 601 603 605 607 609 611 613 
536 376 378 380 400 402 404 406 408 410 412 428 430 432 434 436 438 440 442 444 458 460 462 464 466 468 470 472 474 476 478 492 494 496 498 500 502 504 506 508 510 512 526 528 530 532 534 538 540 542 544 546 558 560 562 564 566 568 570 572 574 576 578 580 582 594 596 598 600 602 604 606 608 610 612 614 
537 375 377 379 381 401 403 405 407 409 411 413 429 431 433 435 437 439 441 443 445 459 461 463 465 467 469 471 473 475 477 493 495 497 499 501 503 505 507 509 511 513 525 527 529 531 533 535 539 541 543 545 547 559 561 563 565 567 569 571 573 575 577 579 581 595 597 599 601 603 605 607 609 611 613 615 
538 376 378 380 382 402 404 406 408 410 412 414 430 432 434 436 438 440 442 444 446 460 462 464 466 468 470 472 474 476 478 494 496 498 500 502 504 506 508 510 512 514 526 528 530 532 534 536 540 542 544 546 548 560 562 564 566 568 570 572 574 576 578 580 582 596 598 600 602 604 606 608 610 612 614 616 
539 377 379 381 383 401 403 405 407 409 411 413 429 431 433 435 437 439 441 443 445 461 463 465 467 469 471 473 475 477 479 493 495 497 499 501 503 505 507 509 511 513 515 527 529 531 533 535 537 541 543 545 547 549 561 563 565 567 569 571 573 575 577 579 581 583 597 599 601 603 605 607 609 611 613 615 617 
540 378 380 382 384 402 404 406 408 410 412 414 430 432 434 436 438 440 442 444 446 462 464 466 468 470 472 474 476 478 480 494 496 498 500 502 504 506 508 510 512 514 516 528 530 532 534 536 538 542 544 546 548 550 562 564 566 568 570 572 574 576 578 580 582 584 598 600 602 604 606 608 610 612 614 616 618 
541 379 381 383 403 405 407 409 411 413 415 431 433 435 437 439 441 443 445 447 463 465 467 469 471 473 475 477 479 481 495 497 499 501 503 505 507 509 511 513 515 529 531 533 535 537 539 543 545 547 549 551 563 565 567 569 571 573 575 577 579 581 583 585 599 601 603 605 607 609 611 613 615 617 619 
542 380 382 384 404 406 408 410 412 414 416 432 434 436 438 440 442 444 446 448 464 466 468 470 472 474 476 478 480 482 496 498 500 502 504 506 508 510 512 514 516 530 532 534 536 538 540 544 546 548 550 552 564 566 568 570 572 574 576 578 580 582 584 586 600 602 604 606 608 610 612 614 616 618 620 
543 379 381 383 385 405 407 409 411 413 415 433 435 437 439 441 443 445 447 465 467 469 471 473 475 477 479 481 497 499 501 503 505 507 509 511 513 515 517 531 533 535 537 539 541 545 547 549 551 565 567 569 571 573 575 577 579 581 583 585 601 603 605 607 609 611 613 615 617 619 
544 380 382 384 386 406 408 410 412 414 416 434 436 438 440 442 444 446 448 466 468 470 472 474 476 478 480 482 498 500 502 504 506 508 510 512 514 516 518 532 534 536 538 540 542 546 548 550 552 566 568 570 572 574 576 578 580 582 584 586 602 604 606 608 610 612 614 616 618 620 
545 381 383 385 407 409 411 413 415 417 435 437 439 441 443 445 447 449 467 469 471 473 475 477 479 481 499 501 503 505 507 509 511 513 515 517 533 535 537 539 541 543 547 549 551 569 571 573 575 577 579 581 583 585 603 605 607 609 611 613 615 617 619 
546 382 384 386 408 410 412 414 416 418 436 438 440 442 444 446 448 450 468 470 472 474 476 478 480 482 500 502 504 506 508 510 512 514 516 518 534 536 538 540 542 544 548 550 552 570 572 574 576 578 580 582 584 586 604 606 608 610 612 614 616 618 620 
547 383 385 387 409 411 413 415 417 437 439 441 443 445 447 449 469 471 473 475 477 479 481 483 503 505 507 509 511 513 515 517 537 539 541 543 545 549 551 571 573 575 577 579 581 583 585 607 609 611 613 615 617 619 
548 384 386 388 410 412 414 416 418 438 440 442 444 446 448 450 470 472 474 476 478 480 482 484 504 506 508 510 512 514 516 518 538 540 542 544 546 550 552 572 574 576 578 580 582 584 586 608 610 612 614 616 618 620 
549 385 387 389 411 413 415 417 419 439 441 443 445 447 449 471 473 475 477 479 481 483 505 507 509 511 513 515 517 539 541 543 545 547 551 573 575 577 579 581 583 585 609 611 613 615 617 619 
550 386 388 390 412 414 416 418 420 440 442 444 446 448 450 472 474 476 478 480 482 484 506 508 510 512 514 516 518 540 542 544 546 548 552 574 576 578 580 582 584 586 610 612 614 616 618 620 
551 387 389 413 415 417 419 441 443 445 447 449 473 475 477 479 481 483 507 509 511 513 515 517 541 543 545 547 549 577 579 581 583 585 613 615 617 619 
552 388 390 414 416 418 420 442 444 446 448 450 474 476 478 480 482 484 508 510 512 514 516 518 542 544 546 548 550 578 580 582 584 586 614 616 618 620 
553 393 395 421 423 425 427 451 453 455 457 459 461 485 487 489 491 493 495 519 521 523 525 527 529 555 557 559 561 563 587 589 591 593 595 
554 394 396 422 424 426 428 452 454 456 458 460 462 486 488 490 492 494 496 520 522 524 526 528 530 556 558 560 562 564 588 590 592 594 596 
555 393 395 397 421 423 425 427 429 451 453 455 457 459 461 463 485 487 489 491 493 495 497 519 521 523 525 527 529 531 553 557 559 561 563 565 587 589 591 593 595 597 599 
556 394 396 398 422 424 426 428 430 452 454 456 458 460 462 464 486 488 490 492 494 496 498 520 522 524 526 528 530 532 554 558 560 562 564 566 588 590 592 594 596 598 600 
557 395 397 399 421 423 425 427 429 431 453 455 457 459 461 463 465 485 487 489 491 493 495 497 499 519 521 523 525 527 529 531 533 535 553 555 559 561 563 565 567 587 589 591 593 595 597 599 601 
558 396 398 400 422 424 426 428 430 432 454 456 458 460 462 464 466 486 488 490 492 494 496 498 500 520 522 524 526 528 530 532 534 536 554 556 560 562 564 566 568 588 590 592 594 596 598 600 602 
559 395 397 399 401 423 425 427 429 431 433 453 455 457 459 461 463 465 467 485 487 489 491 493 495 497 499 501 519 521 523 525 527 529 531 533 535 537 553 555 557 561 563 565 567 569 571 587 589 591 593 595 597 599 601 603 
560 396 398 400 402 424 426 428 430 432 434 454 456 458 460 462 464 466 468 486 488 490 492 494 496 498 500 502 520 522 524 526 528 530 532 534 536 538 554 556 558 562 564 566 568 570 572 588 590 592 594 596 598 600 602 604 
561 397 399 401 403 423 425 427 429 431 433 435 453 455 457 459 461 463 465 467 469 487 489 491 493 495 497 499 501 503 519 521 523 525 527 529 531 533 535 537 539 553 555 557 559 563 565 567 569 571 573 587 589 591 593 595 597 599 601 603 605 607 
562 398 400 402 404 424 426 428 430 432 434 436 454 456 458 460 462 464 466 468 470 488 490 492 494 496 498 500 502 504 520 522 524 526 528 530 532 534 536 538 540 554 556 558 560 564 566 568 570 572 574 588 590 592 594 596 598 600 602 604 606 608 
563 399 401 403 425 427 429 431 433 435 437 455 457 459 461 463 465 467 469 471 487 489 491 493 495 497 499 501 503 505 521 523 525 527 529 531 533 535 537 539 541 553 555 557 559 561 565 567 569 571 573 575 587 589 591 593 595 597 599 601 603 605 607 609 
564 400 402 404 426 428 430 432 434 436 438 456 458 460 462 464 466 468 470 472 488 490 492 494 496 498 500 502 504 506 522 524 526 528 530 532 534 536 538 540 542 554 556 558 560 562 566 568 570 572 574 576 588 590 592 594 596 598 600 602 604 606 608 610 
565 399 401 403 405 427 429 431 433 435 437 439 457 459 461 463 465 467 469 471 473 489 491 493 495 497 499 501 503 505 507 521 523 525 527 529 531 533 535 537 539 541 543 555 557 559 561 563 567 569 571 573 575 577 589 591 593 595 597 599 601 603 605 607 609 611 
566 400 402 404 406 428 430 432 434 436 438 440 458 460 462 464 466 468 470 472 474 490 492 494 496 498 500 502 504 506 508 522 524 526 528 530 532 534 536 538 540 542 544 556 558 560 562 564 568 570 572 574 576 578 590 592 594 596 598 600 602 604 606 608 610 612 
567 401 403 405 407 427 429 431 433 435 437 439 457 459 461 463 465 467 469 471 473 491 493 495 497 499 501 503 505 507 509 523 525 527 529 531 533 535 537 539 541 543 557 559 561 563 565 569 571 573 575 577 579 591 593 595 597 599 601 603 605 607 609 611 613 
568 402 404 406 408 428 430 432 434 436 438 440 458 460 462 464 466 468 470 472 474 492 494 496 498 500 502 504 506 508 510 524 526 528 530 532 534 536 538 540 542 544 558 560 562 564 566 570 572 574 576 578 580 592 594 596 598 600 602 604 606 608 610 612 614 
569 403 405 407 429 431 433 435 437 439 441 459 461 463 465 467 469 471 473 475 491 493 495 497 499 501 503 505 507 509 511 525 527 529 531 533 535 537 539 541 543 545 559 561 563 565 567 571 573 575 577 579 591 593 595 597 599 601 603 605 607 609 611 613 615 
570 404 406 408 430 432 434 436 438 440 442 460 462 464 466 468 470 472 474 476 492 494 496 498 500 502 504 506 508 510 512 526 528 530 532 534 536 538 540 542 544 546 560 562 564 566 568 572 574 576 578 580 592 594 596 598 600 602 604 606 608 610 612 614 616 
571 403 405 407 409 431 433 435 437 439 441 443 461 463 465 467 469 471 473 475 477 493 495 497 499 501 503 505 507 509 511 527 529 531 533 535 537 539 541 543 545 547 559 561 563 565 567 569 573 575 577 579 581 593 595 597 599 601 603 605 607 609 611 613 615 
572 404 406 408 410 432 434 436 438 440 442 444 462 464 466 468 470 472 474 476 478 494 496 498 500 502 504 506 508 510 512 528 530 532 534 536 538 540 542 544 546 548 560 562 564 566 568 570 574 576 578 580 582 594 596 598 600 602 604 606 608 610 612 614 616 
573 405 407 409 411 431 433 435 437 439 441 443 461 463 465 467 469 471 473 475 477 495 497 499 501 503 505 507 509 511 513 527 529 531 533 535 537 539 541 543 545 547 549 561 563 565 567 569 571 575 577 579 581 583 595 597 599 601 603 605 607 609 611 613 615 617 
574 406 408 410 412 432 434 436 438 440 442 444 462 464 466 468 470 472 474 476 478 496 498 500 502 504 506 508 510 512 514 528 530 532 534 536 538 540 542 544 546 548 550 562 564 566 568 570 572 576 578 580 582 584 596 598 600 602 604 606 608 610 612 614 616 618 
575 407 409 411 433 435 437 439 441 443 445 463 465 467 469 471 473 475 477 479 497 499 501 503 505 507 509 511 513 515 529 531 533 535 537 539 541 543 545 547 549 563 565 567 569 571 573 577 579 581 583 585 597 599 601 603 605 607 609 611 613 615 617 619 
576 408 410 412 434 436 438 440 442 444 446 464 466 468 470 472 474 476 478 480 498 500 502 504 506 508 510 512 514 516 530 532 534 536 538 540 542 544 546 548 550 564 566 568 570 572 574 578 580 582 584 586 598 600 602 604 606 608 610 612 614 616 618 620 
577 407 409 411 413 435 437 439 441 443 445 447 465 467 469 471 473 475 477 479 481 499 501 503 505 507 509 511 513 515 531 533 535 537 539 541 543 545 547 549 551 565 567 569 571 573 575 579 581 583 585 599 601 603 605 607 609 611 613 615 617 619 
578 408 410 412 414 436 438 440 442 444 446 448 466 468 470 472 474 476 478 480 482 500 502 504 506 508 510 512 514 516 532 534 536 538 540 542 544 546 548 550 552 566 568 570 572 574 576 580 582 584 586 600 602 604 606 608 610 612 614 616 618 620 
579 409 411 413 415 437 439 441 443 445 447 467 469 471 473 475 477 479 481 501 503 505 507 509 511 513 515 517 533 535 537 539 541 543 545 547 549 551 567 569 571 573 575 577 581 583 585 603 605 607 609 611 613 615 617 619 
580 410 412 414 416 438 440 442 444 446 448 468 470 472 474 476 478 480 482 502 504 506 508 510 512 514 516 518 534 536 538 540 542 544 546 548 550 552 568 570 572 574 576 578 582 584 586 604 606 608 610 612 614 616 618 620 
581 411 413 415 439 441 443 445 447 449 469 471 473 475 477 479 481 503 505 507 509 511 513 515 517 535 537 539 541 543 545 547 549 551 571 573 575 577 579 583 585 605 607 609 611 613 615 617 619 
582 412 414 416 440 442 444 446 448 450 470 472 474 476 478 480 482 504 506 508 510 512 514 516 518 536 538 540 542 544 546 548 550 552 572 574 576 578 580 584 586 606 608 610 612 614 616 618 620 
583 413 415 417 441 443 445 447 449 471 473 475 477 479 481 483 505 507 509 511 513 515 517 539 541 543 545 547 549 551 573 575 577 579 581 585 607 609 611 613 615 617 619 
584 414 416 418 442 444 446 448 450 472 474 476 478 480 482 484 506 508 510 512 514 516 518 540 542 544 546 548 550 552 574 576 578 580 582 586 608 610 612 614 616 618 620 
585 415 417 443 445 447 449 473 475 477 479 481 483 507 509 511 513 515 517 541 543 545 547 549 551 575 577 579 581 583 611 613 615 617 619 
586 416 418 444 446 448 450 474 476 478 480 482 484 508 510 512 514 516 518 542 544 546 548 550 552 576 578 580 582 584 612 614 616 618 620 
587 421 423 425 451 453 455 457 459 485 487 489 491 493 495 519 521 523 525 527 529 553 555 557 559 561 563 589 591 593 595 597 
588 422 424 426 452 454 456 458 460 486 488 490 492 494 496 520 522 524 526 528 530 554 556 558 560 562 564 590 592 594 596 598 
589 423 425 427 453 455 457 459 461 485 487 489 491 493 495 497 519 521 523 525 527 529 531 553 555 557 559 561 563 565 587 591 593 595 597 599 
590 424 426 428 454 456 458 460 462 486 488 490 492 494 496 498 520 522 524 526 528 530 532 554 556 558 560 562 564 566 588 592 594 596 598 600 
591 425 427 429 453 455 457 459 461 463 485 487 489 491 493 495 497 499 519 521 523 525 527 529 531 533 553 555 557 559 561 563 565 567 569 587 589 593 595 597 599 601 
592 426 428 430 454 456 458 460 462 464 486 488 490 492 494 496 498 500 520 522 524 526 528 530 532 534 554 556 558 560 562 564 566 568 570 588 590 594 596 598 600 602 
593 425 427 429 431 455 457 459 461 463 465 487 489 491 493 495 497 499 501 519 521 523 525 527 529 531 533 535 553 555 557 559 561 563 565 567 569 571 587 589 591 595 597 599 601 603 605 
594 426 428 430 432 456 458 460 462 464 466 488 490 492 494 496 498 500 502 520 522 524 526 528 530 532 534 536 554 556 558 560 562 564 566 568 570 572 588 590 592 596 598 600 602 604 606 
595 427 429 431 455 457 459 461 463 465 467 487 489 491 493 495 497 499 501 503 521 523 525 527 529 531 533 535 537 553 555 557 559 561 563 565 567 569 571 573 587 589 591 593 597 599 601 603 605 607 
596 428 430 432 456 458 460 462 464 466 468 488 490 492 494 496 498 500 502 504 522 524 526 528 530 532 534 536 538 554 556 558 560 562 564 566 568 570 572 574 588 590 592 594 598 600 602 604 606 608 
597 429 431 433 457 459 461 463 465 467 469 489 491 493 495 497 499 501 503 505 521 523 525 527 529 531 533 535 537 539 555 557 559 561 563 565 567 569 571 573 575 587 589 591 593 595 599 601 603 605 607 609 
598 430 432 434 458 460 462 464 466 468 470 490 492 494 496 498 500 502 504 506 522 524 526 528 530 532 534 536 538 540 556 558 560 562 564 566 568 570 572 574 576 588 590 592 594 596 600 602 604 606 608 610 
599 429 431 433 435 459 461 463 465 467 469 471 491 493 495 497 499 501 503 505 507 523 525 527 529 531 533 535 537 539 541 555 557 559 561 563 565 567 569 571 573 575 577 589 591 593 595 597 601 603 605 607 609 611 
600 430 432 434 436 460 462 464 466 468 470 472 492 494 496 498 500 502 504 506 508 524 526 528 530 532 534 536 538 540 542 556 558 560 562 564 566 568 570 572 574 576 578 590 592 594 596 598 602 604 606 608 610 612 
601 431 433 435 437 459 461 463 465 467 469 471 491 493 495 497 499 501 503 505 507 525 527 529 531 533 535 537 539 541 543 557 559 561 563 565 567 569 571 573 575 577 591 593 595 597 599 603 605 607 609 611 613 
602 432 434 436 438 460 462 464 466 468 470 472 492 494 496 498 500 502 504 506 508 526 528 530 532 534 536 538 540 542 544 558 560 562 564 566 568 570 572 574 576 578 592 594 596 598 600 604 606 608 610 612 614 
603 433 435 437 461 463 465 467 469 471 473 493 495 497 499 501 503 505 507 509 525 527 529 531 533 535 537 539 541 543 545 559 561 563 565 567 569 571 573 575 577 579 593 595 597 599 601 605 607 609 611 613 
604 434 436 438 462 464 466 468 470 472 474 494 496 498 500 502 504 506 508 510 526 528 530 532 534 536 538 540 542 544 546 560 562 564 566 568 570 572 574 576 578 580 594 596 598 600 602 606 608 610 612 614 
605 433 435 437 439 463 465 467 469 471 473 475 495 497 499 501 503 505 507 509 511 527 529 531 533 535 537 539 541 543 545 561 563 565 567 569 571 573 575 577 579 581 593 595 597 599 601 603 607 609 611 613 615 
606 434 436 438 440 464 466 468 470 472 474 476 496 498 500 502 504 506 508 510 512 528 530 532 534 536 538 540 542 544 546 562 564 566 568 570 572 574 576 578 580 582 594 596 598 600 602 604 608 610 612 614 616 
607 435 437 439 441 463 465 467 469 471 473 475 495 497 499 501 503 505 507 509 511 529 531 533 535 537 539 541 543 545 547 561 563 565 567 569 571 573 575 577 579 581 583 595 597 599 601 603 605 609 611 613 615 617 
608 436 438 440 442 464 466 468 470 472 474 476 496 498 500 502 504 506 508 510 512 530 532 534 536 538 540 542 544 546 548 562 564 566 568 570 572 574 576 578 580 582 584 596 598 600 602 604 606 610 612 614 616 618 
609 437 439 441 465 467 469 471 473 475 477 497 499 501 503 505 507 509 511 513 531 533 535 537 539 541 543 545 547 549 563 565 567 569 571 573 575 577 579 581 583 597 599 601 603 605 607 611 613 615 617 619 
610 438 440 442 466 468 470 472 474 476 478 498 500 502 504 506 508 510 512 514 532 534 536 538 540 542 544 546 548 550 564 566 568 570 572 574 576 578 580 582 584 598 600 602 604 606 608 612 614 616 618 620 
611 439 441 443 467 469 471 473 475 477 479 499 501 503 505 507 509 511 513 515 533 535 537 539 541 543 545 547 549 565 567 569 571 573 575 577 579 581 583 585 599 601 603 605 607 609 613 615 617 619 
612 440 442 444 468 470 472 474 476 478 480 500 502 504 506 508 510 512 514 516 534 536 538 540 542 544 546 548 550 566 568 570 572 574 576 578 580 582 584 586 600 602 604 606 608 610 614 616 618 620 
613 439 441 443 445 469 471 473 475 477 479 501 503 505 507 509 511 513 515 535 537 539 541 543 545 547 549 551 567 569 571 573 575 577 579 581 583 585 601 603 605 607 609 611 615 617 619 
614 440 442 444 446 470 472 474 476 478 480 502 504 506 508 510 512 514 516 536 538 540 542 544 546 548 550 552 568 570 572 574 576 578 580 582 584 586 602 604 606 608 610 612 616 618 620 
615 441 443 445 471 473 475 477 479 481 503 505 507 509 511 513 515 517 537 539 541 543 545 547 549 551 569 571 573 575 577 579 581 583 585 605 607 609 611 613 617 619 
616 442 444 446 472 474 476 478 480 482 504 506 508 510 512 514 516 518 538 540 542 544 546 548 550 552 570 572 574 576 578 580 582 584 586 606 608 610 612 614 618 620 
617 443 445 447 473 475 477 479 481 505 507 509 511 513 515 517 539 541 543 545 547 549 551 573 575 577 579 581 583 585 607 609 611 613 615 619 
618 444 446 448 474 476 478 480 482 506 508 510 512 514 516 518 540 542 544 546 548 550 552 574 576 578 580 582 584 586 608 610 612 614 616 620 
619 445 447 449 475 477 479 481 483 507 509 511 513 515 517 541 543 545 547 549 551 575 577 579 581 583 585 609 611 613 615 617 
620 446 448 450 476 478 480 482 484 508 510 512 514 516 518 542 544 546 548 550 552 576 578 580 582 584 586 610 612 614 616 618 
